{"nm":"Main Scene","ddd":0,"h":500,"w":500,"meta":{"g":"@lottiefiles/creator 1.26.0"},"layers":[{"ty":0,"nm":"Precomp Layer Animation","sr":1,"st":0,"op":180,"ip":0,"hd":false,"ddd":0,"bm":0,"hasMask":false,"ao":0,"ks":{"a":{"a":0,"k":[196.61538461538458,815.8461538461538]},"s":{"a":0,"k":[26,26]},"sk":{"a":0,"k":0},"p":{"a":1,"k":[{"o":{"x":0.65,"y":0},"i":{"x":0.36,"y":1},"s":[252.2109,322.7955],"t":0},{"o":{"x":0.65,"y":0},"i":{"x":0.36,"y":1},"s":[285.2176,322.7955],"t":6},{"o":{"x":0.65,"y":0},"i":{"x":0.36,"y":1},"s":[84.9841,322.7955],"t":26},{"o":{"x":0.65,"y":0},"i":{"x":0.36,"y":1},"s":[252.2109,322.7955],"t":42},{"o":{"x":0.65,"y":0},"i":{"x":0.36,"y":1},"s":[252.2109,322.7955],"t":75},{"o":{"x":0.65,"y":0},"i":{"x":0.36,"y":1},"s":[223.2109,322.7955],"t":81},{"o":{"x":0.65,"y":0},"i":{"x":0.36,"y":1},"s":[235.2109,322.7955],"t":84},{"o":{"x":0.65,"y":0},"i":{"x":0.36,"y":1},"s":[192.2109,322.7955],"t":87},{"o":{"x":0.65,"y":0},"i":{"x":0.36,"y":1},"s":[203.2109,322.7955],"t":92},{"o":{"x":0.65,"y":0},"i":{"x":0.36,"y":1},"s":[140.2109,322.7955],"t":95},{"o":{"x":0.65,"y":0},"i":{"x":0.36,"y":1},"s":[115.2109,322.7955],"t":98},{"o":{"x":0.65,"y":0},"i":{"x":0.36,"y":1},"s":[125.2109,322.7955],"t":101},{"o":{"x":0.65,"y":0},"i":{"x":0.36,"y":1},"s":[82.2109,322.7955],"t":106},{"s":[252.2109,322.7955],"t":123}]},"r":{"a":1,"k":[{"o":{"x":0.65,"y":0},"i":{"x":0.36,"y":1},"s":[0],"t":0},{"o":{"x":0.65,"y":0},"i":{"x":0.36,"y":1},"s":[11],"t":6},{"o":{"x":0.65,"y":0},"i":{"x":0.36,"y":1},"s":[-19],"t":26},{"o":{"x":0.65,"y":0},"i":{"x":0.36,"y":1},"s":[9],"t":36},{"o":{"x":0.65,"y":0},"i":{"x":0.36,"y":1},"s":[0],"t":48},{"o":{"x":0.65,"y":0},"i":{"x":0.36,"y":1},"s":[0],"t":75},{"o":{"x":0.65,"y":0},"i":{"x":0.36,"y":1},"s":[-7],"t":81},{"o":{"x":0.65,"y":0},"i":{"x":0.36,"y":1},"s":[0],"t":84},{"o":{"x":0.65,"y":0},"i":{"x":0.36,"y":1},"s":[-7],"t":87},{"o":{"x":0.65,"y":0},"i":{"x":0.36,"y":1},"s":[0],"t":92},{"o":{"x":0.65,"y":0},"i":{"x":0.36,"y":1},"s":[0],"t":95},{"o":{"x":0.65,"y":0},"i":{"x":0.36,"y":1},"s":[-7],"t":98},{"o":{"x":0.65,"y":0},"i":{"x":0.36,"y":1},"s":[0],"t":101},{"o":{"x":0.65,"y":0},"i":{"x":0.36,"y":1},"s":[-7],"t":106},{"s":[0],"t":123}]},"sa":{"a":0,"k":0},"o":{"a":0,"k":100}},"w":1024,"h":1024,"refId":"precomp_Animation_098f55a5-e1bf-42db-99ad-6415877faaf4","ind":1},{"ty":4,"nm":"Path 1","sr":1,"st":26,"op":157,"ip":26,"hd":false,"ddd":0,"bm":0,"hasMask":false,"ao":0,"ks":{"a":{"a":0,"k":[169,321]},"s":{"a":0,"k":[100,100]},"sk":{"a":0,"k":0},"p":{"a":0,"k":[169,321]},"r":{"a":0,"k":0},"sa":{"a":0,"k":0},"o":{"a":0,"k":100}},"shapes":[{"ty":"sh","bm":0,"hd":false,"nm":"PATH Shape Path 1","d":1,"ks":{"a":0,"k":{"c":false,"i":[[0,0],[0,0]],"o":[[-0.09456471135939637,0],[0,0]],"v":[[251.88684241154562,321.1314594972067],[87.00963105214154,320.6986440875233]]}}},{"ty":"fl","bm":0,"hd":false,"nm":"Fill","c":{"a":0,"k":[0.7804,0.7804,0.7804]},"r":2,"o":{"a":0,"k":100}},{"ty":"st","bm":0,"hd":false,"nm":"Stroke","lc":2,"lj":2,"ml":1,"o":{"a":0,"k":100},"w":{"a":0,"k":2},"c":{"a":0,"k":[0.2941,0.8471,0.8275]}},{"ty":"tm","bm":0,"hd":false,"nm":"Trim Path","e":{"a":0,"k":100},"o":{"a":0,"k":0},"s":{"a":1,"k":[{"o":{"x":0.65,"y":0},"i":{"x":0.36,"y":1},"s":[100],"t":26},{"o":{"x":0.65,"y":0},"i":{"x":0.36,"y":1},"s":[0],"t":42},{"o":{"x":0.65,"y":0},"i":{"x":0.36,"y":1},"s":[0],"t":75},{"o":{"x":0.65,"y":0},"i":{"x":0.36,"y":1},"s":[28],"t":81},{"o":{"x":0.65,"y":0},"i":{"x":0.36,"y":1},"s":[28],"t":85},{"o":{"x":0.65,"y":0},"i":{"x":0.36,"y":1},"s":[39],"t":87},{"o":{"x":0.65,"y":0},"i":{"x":0.36,"y":1},"s":[39],"t":93},{"o":{"x":0.65,"y":0},"i":{"x":0.36,"y":1},"s":[62],"t":95},{"o":{"x":0.65,"y":0},"i":{"x":0.36,"y":1},"s":[73],"t":98},{"o":{"x":0.65,"y":0},"i":{"x":0.36,"y":1},"s":[73],"t":101},{"s":[100],"t":106}]},"m":1}],"ind":2},{"ty":0,"nm":"Begin anywhere...","sr":1,"st":0,"op":150,"ip":0,"hd":false,"ddd":0,"bm":0,"hasMask":false,"ao":0,"ks":{"a":{"a":0,"k":[63,12]},"s":{"a":0,"k":[259,259]},"sk":{"a":0,"k":0},"p":{"a":0,"k":[229.3886,146.1058]},"r":{"a":0,"k":0},"sa":{"a":0,"k":0},"o":{"a":0,"k":100}},"w":126.27000123262405,"h":103.82000017166138,"refId":"precomp_newScene_97dd76e7-add7-4aa3-8010-a81abb88f2c4","ind":3},{"ty":0,"nm":"...adjust as you go.","sr":1,"st":0,"op":150,"ip":0,"hd":false,"ddd":0,"bm":0,"hasMask":false,"ao":0,"ks":{"a":{"a":0,"k":[63.716814159292056,11.946902654867252]},"s":{"a":0,"k":[259,259]},"sk":{"a":0,"k":0},"p":{"a":0,"k":[305.6059,205.0019]},"r":{"a":0,"k":0},"sa":{"a":0,"k":0},"o":{"a":0,"k":100}},"w":127.76999816298485,"h":103.82000017166138,"refId":"precomp_newScene_e1cf7759-21bf-4fac-97a3-6d6454941a03","ind":4}],"v":"5.7.0","fr":30,"op":150,"ip":0,"assets":[{"nm":"Animation","id":"precomp_Animation_098f55a5-e1bf-42db-99ad-6415877faaf4","layers":[{"ty":4,"nm":"Shape Layer 2","sr":1,"st":0,"op":600,"ip":0,"hd":false,"ddd":0,"bm":0,"hasMask":false,"ao":0,"ks":{"a":{"a":0,"k":[537,496]},"s":{"a":0,"k":[100,100]},"sk":{"a":0,"k":0},"p":{"a":0,"k":[493.3798,535.727]},"r":{"a":1,"k":[{"o":{"x":0.65,"y":0},"i":{"x":0.36,"y":1},"s":[0],"t":51},{"o":{"x":0.65,"y":0},"i":{"x":0.36,"y":1},"s":[185],"t":63},{"o":{"x":0.65,"y":0},"i":{"x":0.36,"y":1},"s":[180],"t":70},{"o":{"x":0.65,"y":0},"i":{"x":0.36,"y":1},"s":[180],"t":125},{"o":{"x":0.65,"y":0},"i":{"x":0.36,"y":1},"s":[-4],"t":135},{"s":[0],"t":145}]},"sa":{"a":0,"k":0},"o":{"a":0,"k":100}},"shapes":[{"ty":"gr","bm":0,"hd":false,"nm":"illustration","it":[{"ty":"gr","bm":0,"hd":true,"nm":"20","it":[{"ty":"sh","bm":0,"hd":false,"nm":"Path 26","d":1,"ks":{"a":0,"k":{"c":true,"i":[[0,0],[0.19,0.19],[-5.7,5.322],[-1.037,-1.249],[0.784,0],[-2.93,-2.93],[0,0],[0,0],[-25.542,24.56],[-2.716,5.379],[2.144,6.316],[-7.533,6.307],[-1.698,-1.537],[-0.95,-3.154],[1.368,-6.522],[81.317,-80.788],[9.401,-4.705],[13.51,1.706]],"o":[[-3.503,-0.442],[-0.19,-0.19],[8.778,-8.197],[0.855,1.03],[-2.069,0],[0,0],[0,0],[10.609,-3.65],[71.006,-68.277],[2.523,-4.995],[-1.796,-5.29],[4.583,-3.837],[0.996,0.901],[1.581,5.248],[-2.933,13.988],[-127.209,126.381],[-10.913,5.462],[0,0]],"v":[[388.131,710.899],[381.416,709.75],[391.434,699.727],[403.021,691.525],[403.122,693],[404.903,699.057],[407.805,701.959],[413.201,700.103],[452.802,669.201],[628.874,493.29],[629.436,476.464],[635.184,464.846],[641.882,462.393],[645.42,469.766],[645.654,482.626],[563.713,574.804],[428.325,704.717],[388.131,710.899]]}}},{"ty":"fl","bm":0,"hd":false,"nm":"Fill","c":{"a":0,"k":[0.0902,0.749,0.7216]},"r":1,"o":{"a":0,"k":100}},{"ty":"tr","a":{"a":0,"k":[513.6202000000001,586.273]},"s":{"a":0,"k":[100,100]},"sk":{"a":0,"k":0},"p":{"a":0,"k":[513.6202000000001,586.273]},"r":{"a":0,"k":0},"sa":{"a":0,"k":0},"o":{"a":0,"k":100}}]},{"ty":"gr","bm":0,"hd":false,"nm":"19","it":[{"ty":"sh","bm":0,"hd":false,"nm":"Path 27","d":1,"ks":{"a":0,"k":{"c":true,"i":[[0,0],[0,4.78],[-4.648,2.72],[-87.353,86.653],[-2.92,0],[0,-1.533],[5.362,-4.555],[38.41,-37.783],[14.15,-13.155],[8.14,-8.112],[0.15,0],[2.583,1.638]],"o":[[-4.556,-2.889],[0,-4.821],[5,-2.926],[87.547,-86.845],[1.554,0],[0,0.572],[-12.154,10.325],[-52.07,51.22],[-4.39,4.081],[-8.14,8.112],[-0.15,0],[0,0]],"v":[[372.696,710.022],[368,702.117],[372.75,694.411],[484,586.504],[627.238,449],[639,460.603],[629.25,469.925],[550.944,544.427],[415.518,676.08],[392.736,698.25],[377.663,713],[372.696,710.022]]}}},{"ty":"fl","bm":0,"hd":false,"nm":"Fill","c":{"a":0,"k":[0.9216,0.6941,0.2863]},"r":1,"o":{"a":0,"k":100}},{"ty":"tr","a":{"a":0,"k":[503.6202,581.273]},"s":{"a":0,"k":[100,100]},"sk":{"a":0,"k":0},"p":{"a":0,"k":[503.6202,581.273]},"r":{"a":0,"k":0},"sa":{"a":0,"k":0},"o":{"a":0,"k":100}}]},{"ty":"gr","bm":0,"hd":false,"nm":"18","it":[{"ty":"sh","bm":0,"hd":false,"nm":"Path 28","d":1,"ks":{"a":0,"k":{"c":true,"i":[[0,0],[-2.082,8.287],[0.514,0.498],[4.114,0.843],[0.688,0.941],[1.223,10.138],[0,0],[0,0],[1.974,1.025],[0,0],[0,0],[-22.914,22.371],[-24.139,24.004],[-7.822,5.157],[0,-1.99],[-0.784,-0.301],[0.582,-0.42],[71.392,-70.827],[4.313,-2.329],[0,0],[0,0]],"o":[[-10.234,-2.622],[0.979,-3.898],[-0.488,-0.472],[-4.299,-0.881],[-1.178,-1.611],[0,0],[0,0],[-3.396,-0.279],[0,0],[0,0],[5.338,-3.799],[42.689,-41.677],[44.522,-44.272],[3.404,-2.244],[0,0.842],[1.547,0.594],[-7.313,5.275],[-83.125,82.467],[0,0],[0,0],[0,0]],"v":[[361.023,694.891],[352.585,683.6],[353.387,676.016],[345.019,673.623],[336.342,670.453],[333.466,656.381],[332.848,651.262],[326.674,650.754],[316.911,648.383],[313.323,646.52],[317.552,643.51],[375.976,589.392],[476.474,490.62],[574.711,397.852],[579,397.531],[580.426,399.61],[626.854,448.38],[484,586.509],[372.487,694.653],[368.5,696.806],[361.023,694.891]]}}},{"ty":"fl","bm":0,"hd":false,"nm":"Fill","c":{"a":0,"k":[1,0.8157,0.4118]},"r":1,"o":{"a":0,"k":100}},{"ty":"tr","a":{"a":0,"k":[469.6202,546.273]},"s":{"a":0,"k":[100,100]},"sk":{"a":0,"k":0},"p":{"a":0,"k":[469.6202,546.273]},"r":{"a":0,"k":0},"sa":{"a":0,"k":0},"o":{"a":0,"k":100}}]},{"ty":"gr","bm":0,"hd":false,"nm":"6","it":[{"ty":"sh","bm":0,"hd":false,"nm":"Path 29","d":1,"ks":{"a":0,"k":{"c":true,"i":[[2.935,3.124],[0,0],[0,0],[-3.323,-4.871],[-1.443,-1.546],[0,0],[0,0],[1.852,0],[0.626,-1.375]],"o":[[0,0],[0,0],[6.832,-10.544],[1.012,1.484],[0,0],[0,0],[-7.078,4.665],[-1.031,0],[-1.437,3.154]],"v":[[234.04,773.543],[231.732,771.086],[237.753,761.793],[250.66,754.582],[255.124,760.091],[257.748,762.902],[254.124,765.291],[243.196,771],[240.182,773.5]]}}},{"ty":"sh","bm":0,"hd":false,"nm":"Path 30","d":1,"ks":{"a":0,"k":{"c":true,"i":[[0,0],[-2.098,0],[0.991,1.095],[-10.677,9.779],[-7.44,7.212],[-27.51,27.061],[-8.836,7.821],[0,0],[0,0],[2.552,-5.053],[71.006,-68.277],[10.609,-3.65],[0,0],[0,0]],"o":[[-2.949,-2.949],[0.69,0],[-1.572,-1.737],[6.189,-5.668],[31.384,-30.421],[28.134,-27.675],[0,0],[0,0],[2.219,6.869],[-2.716,5.379],[-25.542,24.56],[0,0],[0,0],[0,0]],"v":[[404.903,699.057],[403.155,693],[402.653,691.169],[412.248,679.032],[437.028,655.613],[550.944,544.427],[623.603,474.664],[627.707,471.032],[629.353,476.131],[628.874,493.29],[452.802,669.201],[413.201,700.103],[407.805,701.959],[404.903,699.057]]}}},{"ty":"sh","bm":0,"hd":false,"nm":"Path 31","d":1,"ks":{"a":0,"k":{"c":true,"i":[[0,0],[-14.813,14.737],[-6.055,3.206],[-9.104,-4.853],[0,0],[0,0],[49.894,-49.614],[42.689,-41.677],[5.583,-3.892],[2.475,-0.486],[0.906,-0.38],[-1.272,6.678]],"o":[[3.19,-16.742],[208.013,-206.937],[13.938,-7.379],[0,0],[0,0],[-8.996,5.599],[-24.139,24.004],[-24.199,23.625],[-2.559,1.784],[-2.475,0.486],[-1.514,0.635],[0,0]],"v":[[301.591,642.87],[322.36,606.555],[536.537,396.306],[577.344,391.831],[581.187,393.88],[576.632,396.715],[476.474,490.62],[375.976,589.392],[317.152,643.743],[308,647.87],[301.853,649.444],[301.591,642.87]]}}},{"ty":"fl","bm":0,"hd":false,"nm":"Fill","c":{"a":0,"k":[0.2902,0.8471,0.8275]},"r":1,"o":{"a":0,"k":100}},{"ty":"tr","a":{"a":0,"k":[431,584]},"s":{"a":0,"k":[100,100]},"sk":{"a":0,"k":0},"p":{"a":0,"k":[431,584]},"r":{"a":0,"k":0},"sa":{"a":0,"k":0},"o":{"a":0,"k":100}}]},{"ty":"gr","bm":0,"hd":false,"nm":"8","it":[{"ty":"sh","bm":0,"hd":false,"nm":"Path 32","d":1,"ks":{"a":0,"k":{"c":true,"i":[[0,0],[-1.585,2.787],[-0.931,0.003],[-5.475,4.372],[-0.169,-0.199],[-0.3,-3.052],[0,0],[0,0],[0.195,0],[1.438,1.438]],"o":[[-2.531,-2.531],[0.901,-1.583],[2.177,-0.008],[2.368,-1.891],[0.169,0.199],[0,0],[0,0],[-5.129,2.861],[-0.195,0],[0,0]],"v":[[240.84,779.385],[239.862,773.891],[243.193,771.006],[256.805,763.214],[261.417,760.138],[262.269,766.049],[262.814,771.597],[253.489,776.799],[243.809,782],[240.84,779.385]]}}},{"ty":"fl","bm":0,"hd":false,"nm":"Fill","c":{"a":0,"k":[0.1961,0.8392,0.8078]},"r":1,"o":{"a":0,"k":100}},{"ty":"tr","a":{"a":0,"k":[250.6202,771.273]},"s":{"a":0,"k":[100,100]},"sk":{"a":0,"k":0},"p":{"a":0,"k":[250.6202,771.273]},"r":{"a":0,"k":0},"sa":{"a":0,"k":0},"o":{"a":0,"k":100}}]},{"ty":"gr","bm":0,"hd":false,"nm":"9","it":[{"ty":"sh","bm":0,"hd":false,"nm":"Path 33","d":1,"ks":{"a":0,"k":{"c":true,"i":[[0,0],[2.234,0.295],[-7.745,13.992],[-6.174,10.725],[-4.07,7.922],[-7.593,0.94],[-2.029,-1.329],[-3.533,-0.284],[0,0],[0,0],[-1.178,-1.611],[-4.299,-0.881],[-0.488,-0.472],[0.979,-3.898],[-9.938,-2.398],[0,0],[0,0],[0,0],[0,0],[7.051,-4.132],[1.373,-0.146],[0.858,-0.712],[0,0.336],[2.943,-1.883],[3.244,-1.608],[3.859,-2.274],[4.478,0],[0.748,-1.56],[2.247,3.167]],"o":[[-4.609,-6.498],[-2.297,-0.303],[4.414,-7.975],[6.174,-10.725],[9.309,-18.117],[4.502,-0.557],[1.41,0.924],[0,0],[0,0],[1.223,10.138],[0.688,0.941],[4.114,0.843],[0.514,0.498],[-2.082,8.289],[0,0],[0,0],[0,0],[0,0],[-14.868,6.636],[-4.232,2.48],[-1.373,0.146],[-0.858,0.712],[0,-0.336],[-2.944,1.883],[-3.244,1.608],[-6.505,3.833],[-1.081,0],[-1.75,3.651],[0,0]],"v":[[254.339,759.52],[246.576,751.814],[252.222,737],[271.473,703],[290.099,669.097],[309.187,647.575],[317.438,648.551],[326.424,650.746],[332.848,651.262],[333.466,656.381],[336.342,670.453],[345.019,673.623],[353.387,676.016],[352.585,683.6],[360.793,694.765],[367.986,696.5],[367.993,701.805],[368,707.111],[362.25,709.677],[329.806,725.616],[319.615,730.391],[315.559,731.951],[314,732.635],[308.648,735.448],[297.398,741.796],[284.484,748.853],[264.006,756],[260.797,758.738],[254.339,759.52]]}}},{"ty":"sh","bm":0,"hd":false,"nm":"Path 34","d":1,"ks":{"a":0,"k":{"c":true,"i":[[0,0],[2.034,1.112],[-7.422,6.617],[-17.295,16.623],[-0.5,0],[-3.319,-3.712],[-10.397,-10.568],[0,0],[0,0],[9.35,-9.016],[0.715,-2.399],[0,0],[0,0]],"o":[[-6.082,-7.225],[-1.711,-0.935],[9.791,-8.729],[6.724,-6.462],[0.5,0],[3.319,3.712],[0,0],[0,0],[-12.398,12.289],[-12.15,11.716],[0,0],[0,0],[0,0]],"v":[[664.872,416.809],[614.882,365.459],[621.239,357.053],[685.666,296.75],[698.8,285],[705.743,291.75],[730.682,317.715],[749.585,336.931],[727.043,359.274],[687.5,398.011],[669.5,417.761],[668.5,421.119],[664.872,416.809]]}}},{"ty":"fl","bm":0,"hd":false,"nm":"Fill","c":{"a":0,"k":[0.9843,0.8235,0.7843]},"r":1,"o":{"a":0,"k":100}},{"ty":"tr","a":{"a":0,"k":[0,0]},"s":{"a":0,"k":[100,100]},"sk":{"a":0,"k":0},"p":{"a":0,"k":[0,0]},"r":{"a":0,"k":0},"sa":{"a":0,"k":0},"o":{"a":0,"k":100}}]},{"ty":"gr","bm":0,"hd":false,"nm":"30","it":[{"ty":"sh","bm":0,"hd":false,"nm":"Path 35","d":1,"ks":{"a":0,"k":{"c":true,"i":[[0,0],[-1.401,0.419],[-3.553,0.736],[-4.606,2.675],[-3.244,1.614],[-2.944,1.883],[0,-0.336],[-0.858,0.712],[-1.394,0.149],[-3.661,2.164],[-13.231,5.857],[0,0],[0,0],[0,0],[0,0],[2.423,0],[0.543,0.688]],"o":[[-1.572,-1.991],[0.651,-0.195],[3.946,-0.818],[4.147,-2.408],[3.244,-1.614],[2.943,-1.883],[0,0.336],[0.858,-0.712],[1.394,-0.149],[8.646,-5.11],[0,0],[0,0],[0,0],[0,0],[-4.056,3.234],[-0.141,0],[0,0]],"v":[[263.258,769.75],[262.316,756.532],[269.96,754.839],[283.96,749.121],[297.398,741.807],[308.648,735.448],[314,732.635],[315.559,731.951],[319.653,730.387],[328.844,726.183],[357.296,711.919],[368.093,707.14],[373.148,710.283],[378.204,713.426],[375.469,715.606],[264.5,771],[263.258,769.75]]}}},{"ty":"sh","bm":0,"hd":false,"nm":"Path 36","d":1,"ks":{"a":0,"k":{"c":true,"i":[[0,0],[-36.204,35.121],[-4.598,4.665],[0,0],[0,0],[-1.1,-0.618],[16.478,-16.055],[8.8,-8.659],[4.43,-4.246],[0,0],[0,0]],"o":[[-7.593,-7.709],[17.05,-16.54],[0,0],[0,0],[2.552,2.607],[1.831,1.028],[-9.9,9.646],[-8.8,8.659],[0,0],[0,0],[0,0]],"v":[[673.574,426.076],[701.5,384.271],[740.861,345.717],[749.221,337.236],[753.861,341.975],[760.5,347.838],[744.5,366.499],[710.5,399.782],[686.446,423.246],[678.391,430.966],[673.574,426.076]]}}},{"ty":"fl","bm":0,"hd":false,"nm":"Fill","c":{"a":0,"k":[0.9216,0.6549,0.749]},"r":1,"o":{"a":0,"k":100}},{"ty":"tr","a":{"a":0,"k":[0,0]},"s":{"a":0,"k":[100,100]},"sk":{"a":0,"k":0},"p":{"a":0,"k":[0,0]},"r":{"a":0,"k":0},"sa":{"a":0,"k":0},"o":{"a":0,"k":100}}]},{"ty":"gr","bm":0,"hd":false,"nm":"31","it":[{"ty":"sh","bm":0,"hd":false,"nm":"Path 37","d":1,"ks":{"a":0,"k":{"c":true,"i":[[0,0],[8.092,8.615],[0.795,0.305],[-7.137,6.26],[-5.314,4.891],[-1.556,-0.734],[-13.479,-13.992],[0,0],[0,0],[0.96,0],[4.94,5.087]],"o":[[-4.94,-5.087],[-8.092,-8.615],[-3.022,-1.16],[4.048,-3.55],[7.938,-7.306],[1.042,0.491],[0,0],[0,0],[-13.912,13.255],[-0.404,0],[0,0]],"v":[[620.299,440.75],[596.604,415.836],[580.445,399.617],[586.359,388.955],[603.381,373.607],[614.937,365.607],[641.338,391.939],[665.845,417.378],[654.673,428.023],[630.014,450],[620.299,440.75]]}}},{"ty":"sh","bm":0,"hd":false,"nm":"Path 38","d":1,"ks":{"a":0,"k":{"c":true,"i":[[0,0],[3.227,3.615],[0,0],[0,0],[-4.774,4.623],[0,0],[0,0],[-9.625,-10.192],[0.03,-0.936],[2.863,-1.925],[6.07,-5.775],[1.786,-1.623],[0,0],[0,0]],"o":[[-10.485,-10.698],[0,0],[0,0],[5.882,-5.737],[0,0],[0,0],[1.551,1.873],[23.334,24.708],[-0.014,0.436],[-2.863,1.925],[-6.07,5.775],[0,0],[0,0],[0,0]],"v":[[729.908,316.951],[704.977,290.928],[699.11,284.356],[709.805,273.925],[729.181,255.088],[737.862,246.682],[740.681,250.088],[761,272.024],[787.974,301.707],[782.743,306],[766.501,320],[752.218,333.451],[748.971,336.402],[729.908,316.951]]}}},{"ty":"fl","bm":0,"hd":false,"nm":"Fill","c":{"a":0,"k":[1,1,1]},"r":1,"o":{"a":0,"k":100}},{"ty":"tr","a":{"a":0,"k":[682.6202000000001,348.273]},"s":{"a":0,"k":[100,100]},"sk":{"a":0,"k":0},"p":{"a":0,"k":[682.6202000000001,348.273]},"r":{"a":0,"k":0},"sa":{"a":0,"k":0},"o":{"a":0,"k":100}}]},{"ty":"gr","bm":0,"hd":false,"nm":"32","it":[{"ty":"sh","bm":0,"hd":false,"nm":"Path 39","d":1,"ks":{"a":0,"k":{"c":true,"i":[[0,0],[11.947,12.648],[0.483,0.902],[-8.38,3.478],[-33.436,15.278],[-7.008,-1.568],[0,-7.369],[1.593,0.506],[14.161,-22.434],[4.209,-4.47],[-0.533,-2.124],[3.157,3.909]],"o":[[-1.444,-1.787],[-11.947,-12.648],[-0.735,-1.374],[9.72,-4.034],[20.911,-9.555],[8.624,1.93],[0,2.123],[-2.73,-0.867],[-6.747,10.688],[-5.795,6.154],[0.81,3.228],[0,0]],"v":[[785.875,298.75],[761.529,272.504],[738.929,247.867],[748.058,242.073],[798.5,219.501],[828.513,210.916],[843,226.535],[841.049,228.516],[812.5,264.968],[794.638,289.681],[788.407,299.484],[785.875,298.75]]}}},{"ty":"fl","bm":0,"hd":false,"nm":"Fill","c":{"a":0,"k":[0.9529,0.5412,0.5765]},"r":1,"o":{"a":0,"k":100}},{"ty":"tr","a":{"a":0,"k":[0,0]},"s":{"a":0,"k":[100,100]},"sk":{"a":0,"k":0},"p":{"a":0,"k":[0,0]},"r":{"a":0,"k":0},"sa":{"a":0,"k":0},"o":{"a":0,"k":100}}]},{"ty":"gr","bm":0,"hd":false,"nm":"33","it":[{"ty":"sh","bm":0,"hd":false,"nm":"Path 40","d":1,"ks":{"a":0,"k":{"c":true,"i":[[0,0],[0,0],[0,0],[-6.554,6.229],[0,0],[0,0],[0,0],[0,0],[1.086,0],[3.348,3.421]],"o":[[0,0],[0,0],[3.136,-2.767],[0,0],[0,0],[0,0],[0,0],[-11.19,10.968],[-0.343,0],[0,0]],"v":[[636.181,456.78],[630.094,450.56],[635.796,445.53],[653.415,429.175],[665.331,417.849],[671.713,424.231],[678.094,430.613],[667.297,441.195],[642.891,463],[636.181,456.78]]}}},{"ty":"sh","bm":0,"hd":false,"nm":"Path 41","d":1,"ks":{"a":0,"k":{"c":true,"i":[[0,0],[0,1.671],[-7.898,5.975],[0,0],[0,0],[0,0],[0,0],[5.816,-5.657],[0,0],[0,0]],"o":[[-4.184,-3.031],[0,-1.493],[0,0],[0,0],[0,0],[0,0],[-4.575,4.115],[0,0],[0,0],[0,0]],"v":[[758.333,346.126],[750,336.762],[781.281,307.184],[788.308,301.867],[794.222,307.684],[800.137,313.5],[791.818,320.983],[772.926,338.751],[762.352,349.038],[758.333,346.126]]}}},{"ty":"fl","bm":0,"hd":false,"nm":"Fill","c":{"a":0,"k":[0.8941,0.8902,0.9137]},"r":1,"o":{"a":0,"k":100}},{"ty":"tr","a":{"a":0,"k":[0,0]},"s":{"a":0,"k":[100,100]},"sk":{"a":0,"k":0},"p":{"a":0,"k":[0,0]},"r":{"a":0,"k":0},"sa":{"a":0,"k":0},"o":{"a":0,"k":100}}]},{"ty":"gr","bm":0,"hd":false,"nm":"34","it":[{"ty":"sh","bm":0,"hd":false,"nm":"Path 42","d":1,"ks":{"a":0,"k":{"c":true,"i":[[0,0],[-8.133,8.637],[-6.747,10.688],[-2.227,-0.855],[-0.23,0],[26.347,-46.005],[0.725,-1.788],[0.641,0],[2.556,2.612]],"o":[[-7.342,-7.504],[4.209,-4.47],[13.096,-20.747],[0.831,0.319],[3.151,0],[-2.835,4.95],[-0.725,1.788],[-0.641,0],[0,0]],"v":[[793.777,307.25],[794.638,289.681],[812.5,264.968],[840.653,228.42],[842.582,229],[808.548,296.5],[802.075,308.75],[799.591,312],[793.777,307.25]]}}},{"ty":"fl","bm":0,"hd":false,"nm":"Fill","c":{"a":0,"k":[0.851,0.4275,0.502]},"r":1,"o":{"a":0,"k":100}},{"ty":"tr","a":{"a":0,"k":[0,0]},"s":{"a":0,"k":[100,100]},"sk":{"a":0,"k":0},"p":{"a":0,"k":[0,0]},"r":{"a":0,"k":0},"sa":{"a":0,"k":0},"o":{"a":0,"k":100}}]},{"ty":"tr","a":{"a":0,"k":[537,496]},"s":{"a":0,"k":[100,100]},"sk":{"a":0,"k":0},"p":{"a":0,"k":[537,496]},"r":{"a":0,"k":0},"sa":{"a":0,"k":0},"o":{"a":0,"k":100}}]}],"ind":1}]},{"nm":"Begin anywhere...","id":"precomp_newScene_97dd76e7-add7-4aa3-8010-a81abb88f2c4","layers":[{"ty":4,"nm":"Begin anywhere...","sr":1,"st":0,"op":150,"ip":0,"hd":false,"ddd":0,"bm":0,"hasMask":false,"ao":0,"ks":{"a":{"a":0,"k":[63,12]},"s":{"a":0,"k":[100,100]},"sk":{"a":0,"k":0},"p":{"a":0,"k":[63,12]},"r":{"a":0,"k":0},"sa":{"a":0,"k":0},"o":{"a":0,"k":100}},"shapes":[{"ty":"gr","bm":0,"hd":false,"nm":".","it":[{"ty":"sh","bm":0,"hd":false,"nm":".","d":1,"ks":{"a":0,"k":{"c":true,"i":[[0,0],[0.28000000000000114,0.28000000000000114],[0,0.3866666666666667],[0,0],[-0.27333333333333104,0.2666666666666669],[-0.4066666666666663,0],[0,0],[-0.26666666666667044,-0.27333333333333343],[0,-0.3866666666666667],[0,0],[0.27333333333333104,-0.27333333333333343],[0.4066666666666663,0],[0,0]],"o":[[-0.4066666666666663,0],[-0.27333333333333104,-0.27333333333333226],[0,0],[0,-0.3866666666666667],[0.28000000000000114,-0.27333333333333343],[0,0],[0.4066666666666663,0],[0.27333333333333104,0.2666666666666669],[0,0],[0,0.39333333333333326],[-0.26666666666667044,0.27333333333333343],[0,0],[0,0]],"v":[[124.05,16.21],[123.02,15.79],[122.61,14.8],[122.61,14.8],[123.02,13.82],[124.05,13.41],[124.05,13.41],[125.06,13.82],[125.47,14.8],[125.47,14.8],[125.06,15.8],[124.05,16.21],[124.05,16.21]]}}},{"ty":"fl","bm":0,"hd":false,"nm":"Fill","c":{"a":0,"k":[0.5294,0.2745,1]},"r":1,"o":{"a":0,"k":100}},{"ty":"tr","a":{"a":0,"k":[124,15]},"s":{"a":0,"k":[100,100]},"sk":{"a":0,"k":0},"p":{"a":0,"k":[124,15]},"r":{"a":0,"k":0},"sa":{"a":0,"k":0},"o":{"a":0,"k":100}}]},{"ty":"gr","bm":0,"hd":false,"nm":".","it":[{"ty":"sh","bm":0,"hd":false,"nm":".","d":1,"ks":{"a":0,"k":{"c":true,"i":[[0,0],[0.27333333333334053,0.28000000000000114],[0,0.3866666666666667],[0,0],[-0.27999999999999164,0.2666666666666669],[-0.4066666666666663,0],[0,0],[-0.27333333333333104,-0.27333333333333343],[0,-0.3866666666666667],[0,0],[0.26666666666667044,-0.27333333333333343],[0.4066666666666663,0],[0,0]],"o":[[-0.4066666666666663,0],[-0.27999999999999164,-0.27333333333333226],[0,0],[0,-0.3866666666666667],[0.27333333333334053,-0.27333333333333343],[0,0],[0.4066666666666663,0],[0.26666666666667044,0.2666666666666669],[0,0],[0,0.39333333333333326],[-0.27333333333333104,0.27333333333333343],[0,0],[0,0]],"v":[[120.48,16.21],[119.46,15.79],[119.04,14.8],[119.04,14.8],[119.46,13.82],[120.48,13.41],[120.48,13.41],[121.5,13.82],[121.9,14.8],[121.9,14.8],[121.5,15.8],[120.48,16.21],[120.48,16.21]]}}},{"ty":"fl","bm":0,"hd":false,"nm":"Fill","c":{"a":0,"k":[0.5294,0.2745,1]},"r":1,"o":{"a":0,"k":100}},{"ty":"tr","a":{"a":0,"k":[120,15]},"s":{"a":0,"k":[100,100]},"sk":{"a":0,"k":0},"p":{"a":0,"k":[120,15]},"r":{"a":0,"k":0},"sa":{"a":0,"k":0},"o":{"a":0,"k":100}}]},{"ty":"gr","bm":0,"hd":false,"nm":".","it":[{"ty":"sh","bm":0,"hd":false,"nm":".","d":1,"ks":{"a":0,"k":{"c":true,"i":[[0,0],[0.27333333333333104,0.28000000000000114],[0,0.3866666666666667],[0,0],[-0.28000000000000114,0.2666666666666669],[-0.4066666666666663,0],[0,0],[-0.27333333333334053,-0.27333333333333343],[0,-0.3866666666666667],[0,0],[0.27333333333333104,-0.27333333333333343],[0.4066666666666663,0],[0,0]],"o":[[-0.4066666666666663,0],[-0.28000000000000114,-0.27333333333333226],[0,0],[0,-0.3866666666666667],[0.27333333333333104,-0.27333333333333343],[0,0],[0.4066666666666663,0],[0.27333333333333104,0.2666666666666669],[0,0],[0,0.39333333333333326],[-0.27333333333334053,0.27333333333333343],[0,0],[0,0]],"v":[[116.91,16.21],[115.89,15.79],[115.47,14.8],[115.47,14.8],[115.89,13.82],[116.91,13.41],[116.91,13.41],[117.93,13.82],[118.34,14.8],[118.34,14.8],[117.93,15.8],[116.91,16.21],[116.91,16.21]]}}},{"ty":"fl","bm":0,"hd":false,"nm":"Fill","c":{"a":0,"k":[0.5294,0.2745,1]},"r":1,"o":{"a":0,"k":100}},{"ty":"tr","a":{"a":0,"k":[117,15]},"s":{"a":0,"k":[100,100]},"sk":{"a":0,"k":0},"p":{"a":0,"k":[117,15]},"r":{"a":0,"k":0},"sa":{"a":0,"k":0},"o":{"a":0,"k":100}}]},{"ty":"gr","bm":0,"hd":false,"nm":"e","it":[{"ty":"sh","bm":0,"hd":false,"nm":"e","d":1,"ks":{"a":0,"k":{"c":true,"i":[[0,0],[0.653333333333336,0.3933333333333344],[0.36666666666666475,0.6599999999999989],[0,0.8000000000000007],[0,0],[-0.37333333333333485,0.6733333333333332],[-0.6533333333333265,0.39999999999999974],[-0.8066666666666625,0],[0,0],[-0.646666666666666,-0.3933333333333338],[-0.3599999999999947,-0.6666666666666666],[0,-0.7999999999999995],[0,0],[0.046666666666671595,-0.23999999999999963],[0,0],[0,0],[-0.3599999999999947,-0.29999999999999954],[-0.5333333333333314,0],[0,0],[-0.3533333333333341,0.2066666666666658],[-0.1999999999999981,0.3266666666666668],[0,0],[0,0],[0.6599999999999966,-0.3266666666666668],[0.8133333333333326,0],[0,0]],"o":[[-0.839999999999994,0],[-0.646666666666666,-0.3866666666666667],[-0.36000000000000415,-0.6600000000000001],[0,0],[0,-0.793333333333333],[0.37333333333333485,-0.6666666666666666],[0.660000000000006,-0.3933333333333338],[0,0],[0.8133333333333326,0],[0.6400000000000053,0.39999999999999974],[0.36000000000000415,0.6666666666666666],[0,0],[0,0.2666666666666669],[0,0],[0,0],[0.12666666666667462,0.5066666666666677],[0.3533333333333341,0.30666666666666603],[0,0],[0.4466666666666678,0],[0.3533333333333341,-0.2133333333333335],[0,0],[0,0],[-0.3400000000000034,0.5333333333333338],[-0.660000000000006,0.3266666666666668],[0,0],[0,0]],"v":[[110.91,16.21],[108.67,15.62],[107.15,14.05],[106.61,11.86],[106.61,11.86],[107.17,9.66],[108.71,8.06],[110.91,7.47],[110.91,7.47],[113.1,8.06],[114.6,9.66],[115.14,11.86],[115.14,11.86],[115.07,12.62],[115.07,12.62],[108.85,12.62],[109.58,13.83],[110.91,14.29],[110.91,14.29],[112.11,13.98],[112.94,13.17],[112.94,13.17],[114.62,14.43],[113.12,15.72],[110.91,16.21],[110.91,16.21]]}}},{"ty":"sh","bm":0,"hd":false,"nm":"e","d":1,"ks":{"a":0,"k":{"c":true,"i":[[0,0],[0,0],[0.37333333333333485,0.3199999999999991],[0.5133333333333402,0],[0,0],[0.36666666666666475,-0.30666666666666603],[0.11333333333333447,-0.5],[0,0]],"o":[[0,0],[-0.12666666666666515,-0.4800000000000004],[-0.37333333333332536,-0.3200000000000003],[0,0],[-0.5,0],[-0.37333333333333485,0.31333333333333374],[0,0],[0,0]],"v":[[108.85,11.01],[112.96,11.01],[112.21,9.81],[110.88,9.33],[110.88,9.33],[109.58,9.79],[108.85,11.01],[108.85,11.01]]}}},{"ty":"fl","bm":0,"hd":false,"nm":"Fill","c":{"a":0,"k":[0.5294,0.2745,1]},"r":1,"o":{"a":0,"k":100}},{"ty":"tr","a":{"a":0,"k":[111,12]},"s":{"a":0,"k":[100,100]},"sk":{"a":0,"k":0},"p":{"a":0,"k":[111,12]},"r":{"a":0,"k":0},"sa":{"a":0,"k":0},"o":{"a":0,"k":100}}]},{"ty":"gr","bm":0,"hd":false,"nm":"r","it":[{"ty":"sh","bm":0,"hd":false,"nm":"r","d":1,"ks":{"a":0,"k":{"c":true,"i":[[0,0],[0,0],[0,0],[0,0],[-0.426666666666667,0.30666666666666664],[-0.7066666666666682,-0.046666666666666856],[0,0],[0,0],[0,0],[0.4133333333333364,-0.39999999999999974],[0,-0.6799999999999997],[0,0],[0,0],[0,0]],"o":[[0,0],[0,0],[0,0],[0.15333333333333599,-0.6066666666666668],[0.43333333333332763,-0.3133333333333332],[0,0],[0,0],[0,0],[-0.6399999999999958,0],[-0.4133333333333364,0.40000000000000097],[0,0],[0,0],[0,0],[0,0]],"v":[[101.94,16],[101.94,7.68],[104.03,7.68],[104.03,9.26],[104.9,7.89],[106.61,7.49],[106.61,7.49],[106.61,9.52],[106.3,9.52],[104.72,10.12],[104.1,11.74],[104.1,11.74],[104.1,16],[101.94,16]]}}},{"ty":"fl","bm":0,"hd":false,"nm":"Fill","c":{"a":0,"k":[0.5294,0.2745,1]},"r":1,"o":{"a":0,"k":100}},{"ty":"tr","a":{"a":0,"k":[104,12]},"s":{"a":0,"k":[100,100]},"sk":{"a":0,"k":0},"p":{"a":0,"k":[104,12]},"r":{"a":0,"k":0},"sa":{"a":0,"k":0},"o":{"a":0,"k":100}}]},{"ty":"gr","bm":0,"hd":false,"nm":"e","it":[{"ty":"sh","bm":0,"hd":false,"nm":"e","d":1,"ks":{"a":0,"k":{"c":true,"i":[[0,0],[0.646666666666666,0.3933333333333344],[0.3599999999999947,0.6599999999999989],[0,0.8000000000000007],[0,0],[-0.37333333333333485,0.6733333333333332],[-0.6599999999999966,0.39999999999999974],[-0.8133333333333326,0],[0,0],[-0.646666666666666,-0.3933333333333338],[-0.3599999999999947,-0.6666666666666666],[0,-0.7999999999999995],[0,0],[0.03999999999999204,-0.23999999999999963],[0,0],[0,0],[-0.3533333333333341,-0.29999999999999954],[-0.5333333333333314,0],[0,0],[-0.3533333333333341,0.2066666666666658],[-0.1999999999999981,0.3266666666666668],[0,0],[0,0],[0.6599999999999966,-0.3266666666666668],[0.806666666666672,0],[0,0]],"o":[[-0.846666666666664,0],[-0.653333333333336,-0.3866666666666667],[-0.36666666666667425,-0.6600000000000001],[0,0],[0,-0.793333333333333],[0.37333333333333485,-0.6666666666666666],[0.653333333333336,-0.3933333333333338],[0,0],[0.806666666666672,0],[0.646666666666666,0.39999999999999974],[0.3533333333333341,0.6666666666666666],[0,0],[0,0.2666666666666669],[0,0],[0,0],[0.13333333333333522,0.5066666666666677],[0.3599999999999947,0.30666666666666603],[0,0],[0.4466666666666678,0],[0.3533333333333341,-0.2133333333333335],[0,0],[0,0],[-0.3400000000000034,0.5333333333333338],[-0.6666666666666666,0.3266666666666668],[0,0],[0,0]],"v":[[96.77,16.21],[94.53,15.62],[93.01,14.05],[92.46,11.86],[92.46,11.86],[93.02,9.66],[94.57,8.06],[96.77,7.47],[96.77,7.47],[98.95,8.06],[100.46,9.66],[100.99,11.86],[100.99,11.86],[100.93,12.62],[100.93,12.62],[94.7,12.62],[95.43,13.83],[96.77,14.29],[96.77,14.29],[97.97,13.98],[98.8,13.17],[98.8,13.17],[100.48,14.43],[98.98,15.72],[96.77,16.21],[96.77,16.21]]}}},{"ty":"sh","bm":0,"hd":false,"nm":"e","d":1,"ks":{"a":0,"k":{"c":true,"i":[[0,0],[0,0],[0.37333333333333485,0.3199999999999991],[0.50666666666667,0],[0,0],[0.36666666666666475,-0.30666666666666603],[0.11999999999999507,-0.5],[0,0]],"o":[[0,0],[-0.13333333333332575,-0.4800000000000004],[-0.37333333333333485,-0.3200000000000003],[0,0],[-0.5066666666666606,0],[-0.36666666666667425,0.31333333333333374],[0,0],[0,0]],"v":[[94.7,11.01],[98.82,11.01],[98.06,9.81],[96.74,9.33],[96.74,9.33],[95.43,9.79],[94.7,11.01],[94.7,11.01]]}}},{"ty":"fl","bm":0,"hd":false,"nm":"Fill","c":{"a":0,"k":[0.5294,0.2745,1]},"r":1,"o":{"a":0,"k":100}},{"ty":"tr","a":{"a":0,"k":[97,12]},"s":{"a":0,"k":[100,100]},"sk":{"a":0,"k":0},"p":{"a":0,"k":[97,12]},"r":{"a":0,"k":0},"sa":{"a":0,"k":0},"o":{"a":0,"k":100}}]},{"ty":"gr","bm":0,"hd":false,"nm":"h","it":[{"ty":"sh","bm":0,"hd":false,"nm":"h","d":1,"ks":{"a":0,"k":{"c":true,"i":[[0,0],[0,0],[0,0],[0,0],[-1.226666666666669,0],[0,0],[-0.47999999999999926,-0.27999999999999997],[-0.28000000000000114,-0.5133333333333331],[0,-0.6799999999999997],[0,0],[0,0],[0,0],[0,0],[0.32000000000000267,0.33999999999999986],[0.5533333333333322,0],[0,0],[0.3333333333333333,-0.3466666666666664],[0,-0.6799999999999997],[0,0],[0,0],[0,0]],"o":[[0,0],[0,0],[0,0],[0.4533333333333284,-0.8933333333333332],[0,0],[0.5933333333333337,0],[0.47999999999999926,0.28666666666666646],[0.27333333333333104,0.5200000000000008],[0,0],[0,0],[0,0],[0,0],[0,-0.6933333333333328],[-0.32000000000000267,-0.33999999999999986],[0,0],[-0.48666666666665986,0],[-0.3333333333333333,0.3466666666666664],[0,0],[0,0],[0,0],[0,0]],"v":[[83.74,16],[83.74,4.32],[85.9,4.32],[85.9,8.83],[88.42,7.49],[88.42,7.49],[90.03,7.91],[91.17,9.11],[91.58,10.91],[91.58,10.91],[91.58,16],[89.42,16],[89.42,11.44],[88.94,9.89],[87.63,9.38],[87.63,9.38],[86.4,9.9],[85.9,11.44],[85.9,11.44],[85.9,16],[83.74,16]]}}},{"ty":"fl","bm":0,"hd":false,"nm":"Fill","c":{"a":0,"k":[0.5294,0.2745,1]},"r":1,"o":{"a":0,"k":100}},{"ty":"tr","a":{"a":0,"k":[88,10]},"s":{"a":0,"k":[100,100]},"sk":{"a":0,"k":0},"p":{"a":0,"k":[88,10]},"r":{"a":0,"k":0},"sa":{"a":0,"k":0},"o":{"a":0,"k":100}}]},{"ty":"gr","bm":0,"hd":false,"nm":"w","it":[{"ty":"sh","bm":0,"hd":false,"nm":"w","d":1,"ks":{"a":0,"k":{"c":true,"i":[[0,0],[0,0],[0,0],[0,0],[-0.0533333333333322,-0.3600000000000006],[0,0],[-0.10666666666667386,0.39999999999999974],[0,0],[0,0],[0,0],[0,0],[-0.07333333333333296,-0.45333333333333314],[0,0],[-0.12000000000000455,0.47999999999999926],[0,0],[0,0],[0,0],[0,0],[0,0],[0,0],[0.060000000000002274,0.4466666666666666],[0,0],[0.09333333333333371,-0.33999999999999986],[0,0],[0,0],[0,0]],"o":[[0,0],[0,0],[0,0],[0.11999999999999507,0.47999999999999926],[0,0],[0.07333333333333296,-0.45333333333333314],[0,0],[0,0],[0,0],[0,0],[0.1066666666666644,0.39999999999999974],[0,0],[0.0533333333333322,-0.3600000000000006],[0,0],[0,0],[0,0],[0,0],[0,0],[0,0],[-0.12666666666666515,-0.38000000000000017],[0,0],[-0.07999999999999356,0.48666666666666697],[0,0],[0,0],[0,0],[0,0]],"v":[[72.75,16],[70.16,7.68],[72.69,7.68],[73.76,12.4],[74.02,13.66],[74.02,13.66],[74.29,12.38],[74.29,12.38],[75.5,7.68],[77.98,7.68],[79.28,12.38],[79.55,13.66],[79.55,13.66],[79.81,12.4],[79.81,12.4],[80.96,7.68],[83.31,7.68],[80.72,16],[78.38,16],[77.02,11.26],[76.74,10.02],[76.74,10.02],[76.48,11.26],[76.48,11.26],[75.23,16],[72.75,16]]}}},{"ty":"fl","bm":0,"hd":false,"nm":"Fill","c":{"a":0,"k":[0.5294,0.2745,1]},"r":1,"o":{"a":0,"k":100}},{"ty":"tr","a":{"a":0,"k":[77,12]},"s":{"a":0,"k":[100,100]},"sk":{"a":0,"k":0},"p":{"a":0,"k":[77,12]},"r":{"a":0,"k":0},"sa":{"a":0,"k":0},"o":{"a":0,"k":100}}]},{"ty":"gr","bm":0,"hd":false,"nm":"y","it":[{"ty":"sh","bm":0,"hd":false,"nm":"y","d":1,"ks":{"a":0,"k":{"c":true,"i":[[0,0],[0.36666666666666475,0.10666666666666676],[0,0],[0,0],[-0.3533333333333341,0],[0,0],[-0.27333333333333104,0.22666666666666657],[-0.12666666666666515,0.379999999999999],[0,0],[0,0],[0,0],[0,0],[0,0],[-0.08666666666666363,-0.4800000000000004],[0,0],[-0.14666666666666592,0.4066666666666663],[0,0],[0,0],[0,0],[0,0],[0.5800000000000031,-0.48666666666666697],[0.9199999999999969,0],[0,0]],"o":[[-0.5933333333333337,0],[0,0],[0,0],[0.29999999999999716,0.07333333333333296],[0,0],[0.3933333333333356,0],[0.27333333333333104,-0.23333333333333428],[0,0],[0,0],[0,0],[0,0],[0,0],[0.14666666666666592,0.4066666666666663],[0,0],[0.08666666666667311,-0.4800000000000004],[0,0],[0,0],[0,0],[0,0],[-0.38666666666666555,0.9066666666666663],[-0.5800000000000031,0.47999999999999926],[0,0],[0,0]],"v":[[62.75,19.34],[61.31,19.18],[61.31,19.18],[61.63,17.12],[62.61,17.23],[62.61,17.23],[63.61,16.89],[64.21,15.97],[64.21,15.97],[64.32,15.62],[61.02,7.68],[63.63,7.68],[65.25,12.43],[65.6,13.76],[65.6,13.76],[65.95,12.43],[65.95,12.43],[67.57,7.68],[70.13,7.68],[66.45,16.53],[65,18.62],[62.75,19.34],[62.75,19.34]]}}},{"ty":"fl","bm":0,"hd":false,"nm":"Fill","c":{"a":0,"k":[0.5294,0.2745,1]},"r":1,"o":{"a":0,"k":100}},{"ty":"tr","a":{"a":0,"k":[66,14]},"s":{"a":0,"k":[100,100]},"sk":{"a":0,"k":0},"p":{"a":0,"k":[66,14]},"r":{"a":0,"k":0},"sa":{"a":0,"k":0},"o":{"a":0,"k":100}}]},{"ty":"gr","bm":0,"hd":false,"nm":"n","it":[{"ty":"sh","bm":0,"hd":false,"nm":"n","d":1,"ks":{"a":0,"k":{"c":true,"i":[[0,0],[0,0],[0,0],[0,0],[-1.2600000000000005,0],[0,0],[-0.47999999999999926,-0.27999999999999997],[-0.2799999999999964,-0.5133333333333331],[0,-0.6799999999999997],[0,0],[0,0],[0,0],[0,0],[0.3199999999999979,0.33999999999999986],[0.5533333333333322,0],[0,0],[0.3333333333333333,-0.3466666666666664],[0,-0.6799999999999997],[0,0],[0,0],[0,0]],"o":[[0,0],[0,0],[0,0],[0.4399999999999977,-0.9400000000000001],[0,0],[0.5933333333333337,0],[0.480000000000004,0.28666666666666646],[0.2733333333333358,0.5200000000000008],[0,0],[0,0],[0,0],[0,0],[0,-0.6933333333333328],[-0.32000000000000267,-0.33999999999999986],[0,0],[-0.4866666666666646,0],[-0.3333333333333333,0.3466666666666664],[0,0],[0,0],[0,0],[0,0]],"v":[[53.26,16],[53.26,7.68],[55.39,7.68],[55.39,8.9],[57.94,7.49],[57.94,7.49],[59.55,7.91],[60.69,9.11],[61.1,10.91],[61.1,10.91],[61.1,16],[58.94,16],[58.94,11.44],[58.46,9.89],[57.15,9.38],[57.15,9.38],[55.92,9.9],[55.42,11.44],[55.42,11.44],[55.42,16],[53.26,16]]}}},{"ty":"fl","bm":0,"hd":false,"nm":"Fill","c":{"a":0,"k":[0.5294,0.2745,1]},"r":1,"o":{"a":0,"k":100}},{"ty":"tr","a":{"a":0,"k":[57,12]},"s":{"a":0,"k":[100,100]},"sk":{"a":0,"k":0},"p":{"a":0,"k":[57,12]},"r":{"a":0,"k":0},"sa":{"a":0,"k":0},"o":{"a":0,"k":100}}]},{"ty":"gr","bm":0,"hd":false,"nm":"a","it":[{"ty":"sh","bm":0,"hd":false,"nm":"a","d":1,"ks":{"a":0,"k":{"c":true,"i":[[0,0],[0.6266666666666652,0.3933333333333344],[0.36666666666666475,0.6599999999999989],[0,0.7933333333333342],[0,0],[-0.36666666666666475,0.6666666666666666],[-0.6333333333333352,0.39333333333333326],[-0.7466666666666697,0],[0,0],[-0.426666666666667,-0.2599999999999998],[-0.23333333333333428,-0.4800000000000004],[0,0],[0,0],[0,0],[0,0],[0,0],[0,0],[0.4200000000000017,-0.27333333333333343],[0.7066666666666634,0],[0,0]],"o":[[-0.7466666666666697,0],[-0.6333333333333352,-0.3866666666666667],[-0.36666666666666475,-0.6600000000000001],[0,0],[0,-0.7866666666666665],[0.36666666666666475,-0.6666666666666666],[0.6266666666666652,-0.39999999999999974],[0,0],[0.6799999999999974,0],[0.4200000000000017,0.25333333333333324],[0,0],[0,0],[0,0],[0,0],[0,0],[0,0],[-0.24666666666666495,0.5],[-0.4200000000000017,0.27333333333333343],[0,0],[0,0]],"v":[[47.2,16.21],[45.14,15.62],[43.64,14.05],[43.09,11.87],[43.09,11.87],[43.64,9.69],[45.14,8.1],[47.2,7.5],[47.2,7.5],[48.86,7.89],[49.84,8.99],[49.84,8.99],[49.84,7.68],[51.98,7.68],[51.98,16],[49.89,16],[49.89,14.64],[48.89,15.8],[47.2,16.21],[47.2,16.21]]}}},{"ty":"sh","bm":0,"hd":false,"nm":"a","d":1,"ks":{"a":0,"k":{"c":true,"i":[[0,0],[-0.19333333333333277,-0.36666666666666714],[-0.346666666666664,-0.22000000000000006],[-0.44666666666666305,0],[0,0],[-0.35999999999999943,0.2133333333333335],[-0.19333333333333277,0.366666666666666],[0,0.4400000000000001],[0,0],[0.19333333333333277,0.3733333333333337],[0.3533333333333341,0.22000000000000006],[0.46000000000000324,0],[0,0],[0.3533333333333341,-0.21333333333333235],[0.18666666666666742,-0.36666666666666714],[0,-0.4400000000000001],[0,0]],"o":[[0,0.426666666666667],[0.20000000000000284,0.366666666666666],[0.34666666666666873,0.22000000000000006],[0,0],[0.46000000000000324,0],[0.3533333333333341,-0.2133333333333335],[0.19333333333333277,-0.3600000000000006],[0,0],[0,-0.4333333333333324],[-0.19333333333333277,-0.36666666666666714],[-0.35999999999999943,-0.21333333333333235],[0,0],[-0.44666666666666305,0],[-0.3533333333333341,0.22000000000000006],[-0.19333333333333277,0.35999999999999943],[0,0],[0,0]],"v":[[45.25,11.86],[45.54,13.05],[46.36,13.93],[47.55,14.26],[47.55,14.26],[48.78,13.94],[49.6,13.07],[49.89,11.87],[49.89,11.87],[49.6,10.66],[48.78,9.78],[47.55,9.46],[47.55,9.46],[46.35,9.78],[45.54,10.66],[45.25,11.86],[45.25,11.86]]}}},{"ty":"fl","bm":0,"hd":false,"nm":"Fill","c":{"a":0,"k":[0.5294,0.2745,1]},"r":1,"o":{"a":0,"k":100}},{"ty":"tr","a":{"a":0,"k":[48,12]},"s":{"a":0,"k":[100,100]},"sk":{"a":0,"k":0},"p":{"a":0,"k":[48,12]},"r":{"a":0,"k":0},"sa":{"a":0,"k":0},"o":{"a":0,"k":100}}]},{"ty":"gr","bm":0,"hd":false,"nm":"n","it":[{"ty":"sh","bm":0,"hd":false,"nm":"n","d":1,"ks":{"a":0,"k":{"c":true,"i":[[0,0],[0,0],[0,0],[0,0],[-1.2600000000000005,0],[0,0],[-0.47999999999999926,-0.27999999999999997],[-0.2733333333333358,-0.5133333333333331],[0,-0.6799999999999997],[0,0],[0,0],[0,0],[0,0],[0.3199999999999979,0.33999999999999986],[0.5533333333333322,0],[0,0],[0.3333333333333333,-0.3466666666666664],[0,-0.6799999999999997],[0,0],[0,0],[0,0]],"o":[[0,0],[0,0],[0,0],[0.4333333333333324,-0.9400000000000001],[0,0],[0.5999999999999991,0],[0.47999999999999926,0.28666666666666646],[0.2799999999999964,0.5200000000000008],[0,0],[0,0],[0,0],[0,0],[0,-0.6933333333333328],[-0.32000000000000267,-0.33999999999999986],[0,0],[-0.4933333333333347,0],[-0.326666666666668,0.3466666666666664],[0,0],[0,0],[0,0],[0,0]],"v":[[31.89,16],[31.89,7.68],[34.02,7.68],[34.02,8.9],[36.56,7.49],[36.56,7.49],[38.18,7.91],[39.31,9.11],[39.73,10.91],[39.73,10.91],[39.73,16],[37.57,16],[37.57,11.44],[37.09,9.89],[35.78,9.38],[35.78,9.38],[34.54,9.9],[34.05,11.44],[34.05,11.44],[34.05,16],[31.89,16]]}}},{"ty":"fl","bm":0,"hd":false,"nm":"Fill","c":{"a":0,"k":[0.5294,0.2745,1]},"r":1,"o":{"a":0,"k":100}},{"ty":"tr","a":{"a":0,"k":[36,12]},"s":{"a":0,"k":[100,100]},"sk":{"a":0,"k":0},"p":{"a":0,"k":[36,12]},"r":{"a":0,"k":0},"sa":{"a":0,"k":0},"o":{"a":0,"k":100}}]},{"ty":"gr","bm":0,"hd":false,"nm":"i","it":[{"ty":"sh","bm":0,"hd":false,"nm":"i","d":1,"ks":{"a":0,"k":{"c":true,"i":[[0,0],[0,0],[0,0],[0,0],[0,0]],"o":[[0,0],[0,0],[0,0],[0,0],[0,0]],"v":[[28.45,16],[28.45,7.68],[30.61,7.68],[30.61,16],[28.45,16]]}}},{"ty":"sh","bm":0,"hd":false,"nm":"i","d":1,"ks":{"a":0,"k":{"c":true,"i":[[0,0],[-0.253333333333335,0.23999999999999963],[-0.35999999999999943,0],[0,0],[-0.24666666666666734,-0.24666666666666673],[0,-0.3533333333333335],[0,0],[0.24666666666666734,-0.2400000000000002],[0.37333333333333246,0],[0,0],[0.2533333333333327,0.24666666666666673],[0,0.3533333333333335],[0,0]],"o":[[0,-0.3533333333333335],[0.2533333333333327,-0.24666666666666673],[0,0],[0.37333333333333246,0],[0.24666666666666734,0.23999999999999963],[0,0],[0,0.36666666666666653],[-0.24666666666666734,0.24666666666666673],[0,0],[-0.35999999999999943,0],[-0.253333333333335,-0.25333333333333324],[0,0],[0,0]],"v":[[28.22,5.71],[28.6,4.82],[29.52,4.45],[29.52,4.45],[30.45,4.82],[30.82,5.71],[30.82,5.71],[30.45,6.62],[29.52,6.99],[29.52,6.99],[28.6,6.62],[28.22,5.71],[28.22,5.71]]}}},{"ty":"fl","bm":0,"hd":false,"nm":"Fill","c":{"a":0,"k":[0.5294,0.2745,1]},"r":1,"o":{"a":0,"k":100}},{"ty":"tr","a":{"a":0,"k":[30,10]},"s":{"a":0,"k":[100,100]},"sk":{"a":0,"k":0},"p":{"a":0,"k":[30,10]},"r":{"a":0,"k":0},"sa":{"a":0,"k":0},"o":{"a":0,"k":100}}]},{"ty":"gr","bm":0,"hd":false,"nm":"g","it":[{"ty":"sh","bm":0,"hd":false,"nm":"g","d":1,"ks":{"a":0,"k":{"c":true,"i":[[0,0],[0.6533333333333337,0.23999999999999963],[0.47999999999999926,0.5666666666666677],[0,0],[0,0],[-0.4199999999999993,-0.16666666666666666],[-0.5533333333333346,0],[0,0],[-0.3333333333333333,0.20000000000000048],[-0.19333333333333277,0.3466666666666664],[0,0.42666666666666586],[0,0],[0,0],[0.39333333333333326,-0.22000000000000006],[0.6400000000000006,0],[0,0],[0.6199999999999998,0.38000000000000017],[0.3533333333333341,0.6533333333333337],[0,0.7866666666666665],[0,0],[-0.3533333333333317,0.6600000000000001],[-0.6199999999999998,0.38000000000000017],[-0.7466666666666674,0],[0,0],[-0.40000000000000097,-0.2333333333333337],[-0.23333333333333192,-0.4400000000000001],[0,0],[0,0],[0,0],[0,0],[0.36666666666666714,-0.6199999999999998],[0.6533333333333337,-0.3333333333333333],[0.8466666666666688,0],[0,0]],"o":[[-0.8733333333333325,0],[-0.646666666666666,-0.23999999999999963],[0,0],[0,0],[0.37333333333333246,0.4266666666666647],[0.426666666666667,0.17333333333333437],[0,0],[0.38000000000000017,0],[0.3333333333333333,-0.19333333333333277],[0.20000000000000048,-0.34666666666666757],[0,0],[0,0],[-0.24666666666666734,0.413333333333334],[-0.39333333333333326,0.22000000000000006],[0,0],[-0.7466666666666674,0],[-0.6199999999999998,-0.38000000000000017],[-0.3533333333333317,-0.6600000000000001],[0,0],[0,-0.7866666666666665],[0.3533333333333341,-0.6533333333333337],[0.6199999999999998,-0.3799999999999996],[0,0],[0.6599999999999989,0],[0.40000000000000097,0.22666666666666657],[0,0],[0,0],[0,0],[0,0],[0,0.8466666666666676],[-0.37333333333333485,0.6266666666666652],[-0.6533333333333312,0.340000000000001],[0,0],[0,0]],"v":[[22.83,19.41],[20.54,19.05],[18.85,17.84],[18.85,17.84],[20.19,16.26],[21.38,17.15],[22.85,17.41],[22.85,17.41],[23.92,17.11],[24.71,16.3],[25.01,15.14],[25.01,15.14],[25.01,14.77],[24.05,15.72],[22.5,16.05],[22.5,16.05],[20.45,15.48],[18.99,13.93],[18.46,11.76],[18.46,11.76],[18.99,9.59],[20.45,8.04],[22.5,7.47],[22.5,7.47],[24.09,7.82],[25.04,8.82],[25.04,8.82],[25.04,7.68],[27.17,7.68],[27.17,15.26],[26.62,17.46],[25.08,18.9],[22.83,19.41],[22.83,19.41]]}}},{"ty":"sh","bm":0,"hd":false,"nm":"g","d":1,"ks":{"a":0,"k":{"c":true,"i":[[0,0],[-0.3999999999999986,-0.4466666666666666],[-0.6866666666666674,0],[0,0],[-0.4066666666666663,0.4400000000000001],[0,0.6733333333333332],[0,0],[0.40000000000000097,0.43333333333333357],[0.6933333333333328,0],[0,0],[0.40000000000000097,-0.4400000000000001],[0,-0.6733333333333332],[0,0]],"o":[[0,0.6600000000000001],[0.40000000000000097,0.4400000000000001],[0,0],[0.6933333333333328,0],[0.40000000000000097,-0.43333333333333357],[0,0],[0,-0.6733333333333332],[-0.4066666666666663,-0.4400000000000001],[0,0],[-0.6866666666666674,0],[-0.3999999999999986,0.43333333333333357],[0,0],[0,0]],"v":[[20.62,11.76],[21.22,13.42],[22.85,14.08],[22.85,14.08],[24.5,13.42],[25.1,11.76],[25.1,11.76],[24.5,10.1],[22.85,9.44],[22.85,9.44],[21.22,10.1],[20.62,11.76],[20.62,11.76]]}}},{"ty":"fl","bm":0,"hd":false,"nm":"Fill","c":{"a":0,"k":[0.5294,0.2745,1]},"r":1,"o":{"a":0,"k":100}},{"ty":"tr","a":{"a":0,"k":[23,13]},"s":{"a":0,"k":[100,100]},"sk":{"a":0,"k":0},"p":{"a":0,"k":[23,13]},"r":{"a":0,"k":0},"sa":{"a":0,"k":0},"o":{"a":0,"k":100}}]},{"ty":"gr","bm":0,"hd":false,"nm":"e","it":[{"ty":"sh","bm":0,"hd":false,"nm":"e","d":1,"ks":{"a":0,"k":{"c":true,"i":[[0,0],[0.6466666666666671,0.3933333333333344],[0.35999999999999943,0.6599999999999989],[0,0.8000000000000007],[0,0],[-0.3733333333333337,0.6733333333333332],[-0.6600000000000001,0.39999999999999974],[-0.8133333333333338,0],[0,0],[-0.6466666666666671,-0.3933333333333338],[-0.3600000000000018,-0.6666666666666666],[0,-0.7999999999999995],[0,0],[0.03999999999999915,-0.23999999999999963],[0,0],[0,0],[-0.3533333333333341,-0.29999999999999954],[-0.5333333333333338,0],[0,0],[-0.3533333333333329,0.2066666666666658],[-0.1999999999999993,0.3266666666666668],[0,0],[0,0],[0.6600000000000001,-0.3266666666666668],[0.8066666666666661,0],[0,0]],"o":[[-0.8466666666666663,0],[-0.6533333333333337,-0.3866666666666667],[-0.36666666666666714,-0.6600000000000001],[0,0],[0,-0.793333333333333],[0.37333333333333246,-0.6666666666666666],[0.6533333333333337,-0.3933333333333338],[0,0],[0.8066666666666661,0],[0.646666666666666,0.39999999999999974],[0.3533333333333317,0.6666666666666666],[0,0],[0,0.2666666666666669],[0,0],[0,0],[0.13333333333333286,0.5066666666666677],[0.35999999999999943,0.30666666666666603],[0,0],[0.4466666666666666,0],[0.3533333333333341,-0.2133333333333335],[0,0],[0,0],[-0.340000000000001,0.5333333333333338],[-0.6666666666666666,0.3266666666666668],[0,0],[0,0]],"v":[[13.73,16.21],[11.49,15.62],[9.97,14.05],[9.42,11.86],[9.42,11.86],[9.98,9.66],[11.53,8.06],[13.73,7.47],[13.73,7.47],[15.91,8.06],[17.42,9.66],[17.95,11.86],[17.95,11.86],[17.89,12.62],[17.89,12.62],[11.66,12.62],[12.39,13.83],[13.73,14.29],[13.73,14.29],[14.93,13.98],[15.76,13.17],[15.76,13.17],[17.44,14.43],[15.94,15.72],[13.73,16.21],[13.73,16.21]]}}},{"ty":"sh","bm":0,"hd":false,"nm":"e","d":1,"ks":{"a":0,"k":{"c":true,"i":[[0,0],[0,0],[0.3733333333333337,0.3199999999999991],[0.5066666666666677,0],[0,0],[0.366666666666666,-0.30666666666666603],[0.11999999999999982,-0.5],[0,0]],"o":[[0,0],[-0.13333333333333286,-0.4800000000000004],[-0.37333333333333246,-0.3200000000000003],[0,0],[-0.5066666666666665,0],[-0.36666666666666714,0.31333333333333374],[0,0],[0,0]],"v":[[11.66,11.01],[15.78,11.01],[15.02,9.81],[13.7,9.33],[13.7,9.33],[12.39,9.79],[11.66,11.01],[11.66,11.01]]}}},{"ty":"fl","bm":0,"hd":false,"nm":"Fill","c":{"a":0,"k":[0.5294,0.2745,1]},"r":1,"o":{"a":0,"k":100}},{"ty":"tr","a":{"a":0,"k":[14,12]},"s":{"a":0,"k":[100,100]},"sk":{"a":0,"k":0},"p":{"a":0,"k":[14,12]},"r":{"a":0,"k":0},"sa":{"a":0,"k":0},"o":{"a":0,"k":100}}]},{"ty":"gr","bm":0,"hd":false,"nm":"B","it":[{"ty":"sh","bm":0,"hd":false,"nm":"B","d":1,"ks":{"a":0,"k":{"c":true,"i":[[0,0],[0,0],[0,0],[-0.6466666666666665,-0.5333333333333332],[0,-0.8933333333333332],[0,0],[0.27333333333333343,-0.38000000000000017],[0.6600000000000001,-0.24666666666666615],[0,0],[-0.3733333333333337,-0.4666666666666662],[0,-0.7333333333333331],[0,0],[0.3199999999999991,-0.4666666666666662],[0.5999999999999996,-0.2599999999999992],[0.7999999999999995,0],[0,0],[0,0]],"o":[[0,0],[0,0],[1.1933333333333334,0],[0.6533333333333337,0.5333333333333338],[0,0],[0,0.5666666666666664],[-0.27333333333333343,0.38000000000000017],[0,0],[0.8733333333333336,0.20000000000000048],[0.37333333333333246,0.4733333333333339],[0,0],[0,0.6199999999999998],[-0.3266666666666674,0.46000000000000085],[-0.5933333333333337,0.25333333333333385],[0,0],[0,0],[0,0]],"v":[[0.8,16],[0.8,4.8],[4.58,4.8],[7.34,5.6],[8.32,7.74],[8.32,7.74],[7.91,9.16],[6.51,10.1],[6.51,10.1],[8.38,11.1],[8.94,12.91],[8.94,12.91],[8.46,14.54],[7.07,15.62],[4.98,16],[4.98,16],[0.8,16]]}}},{"ty":"sh","bm":0,"hd":false,"nm":"B","d":1,"ks":{"a":0,"k":{"c":true,"i":[[0,0],[0,0],[0,0.9466666666666667],[0,0],[0.3266666666666668,0.2333333333333331],[0.6066666666666668,0],[0,0],[0,0],[0,0]],"o":[[0,0],[1.2666666666666668,0],[0,0],[0,-0.413333333333334],[-0.3333333333333333,-0.22666666666666657],[0,0],[0,0],[0,0],[0,0]],"v":[[3.04,13.98],[4.77,13.98],[6.67,12.56],[6.67,12.56],[6.18,11.59],[4.77,11.25],[4.77,11.25],[3.04,11.25],[3.04,13.98]]}}},{"ty":"sh","bm":0,"hd":false,"nm":"B","d":1,"ks":{"a":0,"k":{"c":true,"i":[[0,0],[0,0],[-0.2666666666666669,0.2133333333333335],[0,0.45333333333333314],[0,0],[1.1199999999999999,0],[0,0],[0,0],[0,0]],"o":[[0,0],[0.5933333333333332,0],[0.2599999999999998,-0.2133333333333335],[0,0],[0,-0.8666666666666666],[0,0],[0,0],[0,0],[0,0]],"v":[[3.04,9.42],[4.37,9.42],[5.66,9.1],[6.05,8.1],[6.05,8.1],[4.37,6.8],[4.37,6.8],[3.04,6.8],[3.04,9.42]]}}},{"ty":"fl","bm":0,"hd":false,"nm":"Fill","c":{"a":0,"k":[0.5294,0.2745,1]},"r":1,"o":{"a":0,"k":100}},{"ty":"tr","a":{"a":0,"k":[5,10]},"s":{"a":0,"k":[100,100]},"sk":{"a":0,"k":0},"p":{"a":0,"k":[5,10]},"r":{"a":0,"k":0},"sa":{"a":0,"k":0},"o":{"a":0,"k":100}}]}],"ind":1}]},{"nm":"...adjust as you go.","id":"precomp_newScene_e1cf7759-21bf-4fac-97a3-6d6454941a03","layers":[{"ty":4,"nm":"...adjust as you go.","sr":1,"st":0,"op":150,"ip":0,"hd":false,"ddd":0,"bm":0,"hasMask":false,"ao":0,"ks":{"a":{"a":0,"k":[64,12]},"s":{"a":0,"k":[100,100]},"sk":{"a":0,"k":0},"p":{"a":0,"k":[63.65,7.68]},"r":{"a":0,"k":0},"sa":{"a":0,"k":0},"o":{"a":0,"k":100}},"shapes":[{"ty":"gr","bm":0,"hd":false,"nm":".","it":[{"ty":"sh","bm":0,"hd":false,"nm":".","d":1,"ks":{"a":0,"k":{"c":true,"i":[[0,0],[0.27333333333333104,0.28000000000000114],[0,0.3866666666666667],[0,0],[-0.28000000000000114,0.2666666666666669],[-0.4066666666666663,0],[0,0],[-0.27333333333333104,-0.27333333333333343],[0,-0.3866666666666667],[0,0],[0.26666666666667044,-0.27333333333333343],[0.4066666666666663,0],[0,0]],"o":[[-0.4066666666666663,0],[-0.28000000000000114,-0.27333333333333226],[0,0],[0,-0.3866666666666667],[0.27333333333333104,-0.27333333333333343],[0,0],[0.4066666666666663,0],[0.26666666666667044,0.2666666666666669],[0,0],[0,0.39333333333333326],[-0.27333333333333104,0.27333333333333343],[0,0],[0,0]],"v":[[126,16.21],[124.98,15.79],[124.56,14.8],[124.56,14.8],[124.98,13.82],[126,13.41],[126,13.41],[127.02,13.82],[127.42,14.8],[127.42,14.8],[127.02,15.8],[126,16.21],[126,16.21]]}}},{"ty":"fl","bm":0,"hd":false,"nm":"Fill","c":{"a":0,"k":[0.5294,0.2745,1]},"r":1,"o":{"a":0,"k":100}},{"ty":"tr","a":{"a":0,"k":[0,0]},"s":{"a":0,"k":[100,100]},"sk":{"a":0,"k":0},"p":{"a":0,"k":[0,0]},"r":{"a":0,"k":0},"sa":{"a":0,"k":0},"o":{"a":0,"k":100}}]},{"ty":"gr","bm":0,"hd":false,"nm":"o","it":[{"ty":"sh","bm":0,"hd":false,"nm":"o","d":1,"ks":{"a":0,"k":{"c":true,"i":[[0,0],[0.6733333333333368,0.3933333333333344],[0.38666666666666555,0.6666666666666666],[0,0.7866666666666665],[0,0],[-0.38666666666666555,0.6733333333333332],[-0.6666666666666666,0.39333333333333326],[-0.846666666666664,0],[0,0],[-0.6733333333333272,-0.3866666666666667],[-0.37999999999999545,-0.6666666666666666],[0,-0.793333333333333],[0,0],[0.38666666666666555,-0.6666666666666666],[0.6733333333333368,-0.3866666666666667],[0.8400000000000034,0],[0,0]],"o":[[-0.846666666666664,0],[-0.6666666666666666,-0.3866666666666667],[-0.38666666666666555,-0.6666666666666666],[0,0],[0,-0.793333333333333],[0.38666666666666555,-0.6666666666666666],[0.6733333333333368,-0.3866666666666667],[0,0],[0.8400000000000034,0],[0.6733333333333368,0.39333333333333326],[0.38666666666666555,0.6733333333333332],[0,0],[0,0.7866666666666665],[-0.37999999999999545,0.6666666666666666],[-0.6733333333333272,0.3933333333333344],[0,0],[0,0]],"v":[[119.78,16.21],[117.5,15.62],[115.92,14.04],[115.34,11.86],[115.34,11.86],[115.92,9.66],[117.5,8.07],[119.78,7.49],[119.78,7.49],[122.05,8.07],[123.63,9.66],[124.21,11.86],[124.21,11.86],[123.63,14.04],[122.05,15.62],[119.78,16.21],[119.78,16.21]]}}},{"ty":"sh","bm":0,"hd":false,"nm":"o","d":1,"ks":{"a":0,"k":{"c":true,"i":[[0,0],[-0.18666666666666742,-0.36666666666666714],[-0.346666666666664,-0.2133333333333335],[-0.45333333333333786,0],[0,0],[-0.346666666666664,0.2133333333333335],[-0.18666666666666742,0.35999999999999943],[0,0.43333333333333357],[0,0],[0.19333333333332803,0.35999999999999943],[0.3400000000000034,0.22000000000000006],[0.4466666666666678,0],[0,0],[0.3399999999999939,-0.21333333333333235],[0.19333333333332803,-0.36666666666666714],[0,-0.4400000000000001],[0,0]],"o":[[0,0.43333333333333357],[0.18666666666666742,0.35999999999999943],[0.346666666666664,0.2133333333333335],[0,0],[0.4466666666666678,0],[0.346666666666664,-0.2133333333333335],[0.18666666666666742,-0.36666666666666714],[0,0],[0,-0.4400000000000001],[-0.1933333333333375,-0.36666666666666714],[-0.3399999999999939,-0.21333333333333235],[0,0],[-0.45333333333333786,0],[-0.3400000000000034,0.22000000000000006],[-0.1933333333333375,0.35999999999999943],[0,0],[0,0]],"v":[[117.5,11.86],[117.78,13.06],[118.58,13.92],[119.78,14.24],[119.78,14.24],[120.97,13.92],[121.77,13.06],[122.05,11.86],[122.05,11.86],[121.76,10.66],[120.96,9.78],[119.78,9.46],[119.78,9.46],[118.59,9.78],[117.79,10.66],[117.5,11.86],[117.5,11.86]]}}},{"ty":"fl","bm":0,"hd":false,"nm":"Fill","c":{"a":0,"k":[0.5294,0.2745,1]},"r":1,"o":{"a":0,"k":100}},{"ty":"tr","a":{"a":0,"k":[0,0]},"s":{"a":0,"k":[100,100]},"sk":{"a":0,"k":0},"p":{"a":0,"k":[0,0]},"r":{"a":0,"k":0},"sa":{"a":0,"k":0},"o":{"a":0,"k":100}}]},{"ty":"gr","bm":0,"hd":false,"nm":"g","it":[{"ty":"sh","bm":0,"hd":false,"nm":"g","d":1,"ks":{"a":0,"k":{"c":true,"i":[[0,0],[0.6533333333333265,0.23999999999999963],[0.47999999999999926,0.5666666666666677],[0,0],[0,0],[-0.419999999999997,-0.16666666666666666],[-0.5533333333333322,0],[0,0],[-0.3333333333333333,0.20000000000000048],[-0.2000000000000076,0.3466666666666664],[0,0.42666666666666586],[0,0],[0,0],[0.3999999999999962,-0.22000000000000006],[0.6400000000000053,0],[0,0],[0.6200000000000045,0.38000000000000017],[0.3533333333333341,0.6533333333333337],[0,0.7866666666666665],[0,0],[-0.3533333333333246,0.6600000000000001],[-0.6133333333333345,0.38000000000000017],[-0.7466666666666603,0],[0,0],[-0.3999999999999962,-0.2333333333333337],[-0.23999999999999963,-0.4400000000000001],[0,0],[0,0],[0,0],[0,0],[0.36666666666666475,-0.6199999999999998],[0.653333333333336,-0.3333333333333333],[0.8400000000000034,0],[0,0]],"o":[[-0.8733333333333348,0],[-0.653333333333336,-0.23999999999999963],[0,0],[0,0],[0.37333333333333485,0.4266666666666647],[0.4200000000000064,0.17333333333333437],[0,0],[0.38666666666666555,0],[0.3266666666666633,-0.19333333333333277],[0.19333333333332803,-0.34666666666666757],[0,0],[0,0],[-0.23999999999999963,0.413333333333334],[-0.3933333333333356,0.22000000000000006],[0,0],[-0.7466666666666603,0],[-0.6133333333333345,-0.38000000000000017],[-0.3533333333333246,-0.6600000000000001],[0,0],[0,-0.7866666666666665],[0.3533333333333341,-0.6533333333333337],[0.6200000000000045,-0.3799999999999996],[0,0],[0.660000000000006,0],[0.4000000000000057,0.22666666666666657],[0,0],[0,0],[0,0],[0,0],[0,0.8466666666666676],[-0.36666666666666475,0.6266666666666652],[-0.6599999999999966,0.340000000000001],[0,0],[0,0]],"v":[[110.05,19.41],[107.76,19.05],[106.06,17.84],[106.06,17.84],[107.41,16.26],[108.6,17.15],[110.06,17.41],[110.06,17.41],[111.14,17.11],[111.93,16.3],[112.22,15.14],[112.22,15.14],[112.22,14.77],[111.26,15.72],[109.71,16.05],[109.71,16.05],[107.66,15.48],[106.21,13.93],[105.68,11.76],[105.68,11.76],[106.21,9.59],[107.66,8.04],[109.71,7.47],[109.71,7.47],[111.3,7.82],[112.26,8.82],[112.26,8.82],[112.26,7.68],[114.38,7.68],[114.38,15.26],[113.83,17.46],[112.3,18.9],[110.05,19.41],[110.05,19.41]]}}},{"ty":"sh","bm":0,"hd":false,"nm":"g","d":1,"ks":{"a":0,"k":{"c":true,"i":[[0,0],[-0.3999999999999962,-0.4466666666666666],[-0.6799999999999974,0],[0,0],[-0.4066666666666663,0.4400000000000001],[0,0.6733333333333332],[0,0],[0.4066666666666663,0.43333333333333357],[0.693333333333328,0],[0,0],[0.4000000000000057,-0.4400000000000001],[0,-0.6733333333333332],[0,0]],"o":[[0,0.6600000000000001],[0.4000000000000057,0.4400000000000001],[0,0],[0.693333333333328,0],[0.4066666666666663,-0.43333333333333357],[0,0],[0,-0.6733333333333332],[-0.4066666666666663,-0.4400000000000001],[0,0],[-0.6799999999999974,0],[-0.3999999999999962,0.43333333333333357],[0,0],[0,0]],"v":[[107.84,11.76],[108.44,13.42],[110.06,14.08],[110.06,14.08],[111.71,13.42],[112.32,11.76],[112.32,11.76],[111.71,10.1],[110.06,9.44],[110.06,9.44],[108.44,10.1],[107.84,11.76],[107.84,11.76]]}}},{"ty":"fl","bm":0,"hd":false,"nm":"Fill","c":{"a":0,"k":[0.5294,0.2745,1]},"r":1,"o":{"a":0,"k":100}},{"ty":"tr","a":{"a":0,"k":[0,0]},"s":{"a":0,"k":[100,100]},"sk":{"a":0,"k":0},"p":{"a":0,"k":[0,0]},"r":{"a":0,"k":0},"sa":{"a":0,"k":0},"o":{"a":0,"k":100}}]},{"ty":"gr","bm":0,"hd":false,"nm":"u","it":[{"ty":"sh","bm":0,"hd":false,"nm":"u","d":1,"ks":{"a":0,"k":{"c":true,"i":[[0,0],[0.47999999999999926,0.28000000000000114],[0.28000000000000114,0.5133333333333331],[0,0.6799999999999997],[0,0],[0,0],[0,0],[0,0],[-1.1066666666666645,0],[0,0],[-0.3266666666666633,0.34666666666666757],[0,0.6799999999999997],[0,0],[0,0],[0,0],[0,0],[0,0],[0,0],[0.3933333333333356,-0.2333333333333331],[0.6399999999999958,0],[0,0]],"o":[[-0.6000000000000038,0],[-0.47999999999999926,-0.28666666666666646],[-0.27333333333333104,-0.5200000000000008],[0,0],[0,0],[0,0],[0,0],[0,1.3733333333333337],[0,0],[0.4933333333333394,0],[0.3333333333333333,-0.3466666666666664],[0,0],[0,0],[0,0],[0,0],[0,0],[0,0],[-0.1999999999999981,0.49333333333333346],[-0.3933333333333356,0.23333333333333428],[0,0],[0,0]],"v":[[97.7,16.19],[96.08,15.77],[94.94,14.57],[94.53,12.77],[94.53,12.77],[94.53,7.68],[96.69,7.68],[96.69,12.24],[98.35,14.3],[98.35,14.3],[99.58,13.78],[100.08,12.24],[100.08,12.24],[100.08,7.68],[102.24,7.68],[102.24,16],[100.14,16],[100.14,14.75],[99.25,15.84],[97.7,16.19],[97.7,16.19]]}}},{"ty":"fl","bm":0,"hd":false,"nm":"Fill","c":{"a":0,"k":[0.5294,0.2745,1]},"r":1,"o":{"a":0,"k":100}},{"ty":"tr","a":{"a":0,"k":[0,0]},"s":{"a":0,"k":[100,100]},"sk":{"a":0,"k":0},"p":{"a":0,"k":[0,0]},"r":{"a":0,"k":0},"sa":{"a":0,"k":0},"o":{"a":0,"k":100}}]},{"ty":"gr","bm":0,"hd":false,"nm":"o","it":[{"ty":"sh","bm":0,"hd":false,"nm":"o","d":1,"ks":{"a":0,"k":{"c":true,"i":[[0,0],[0.6733333333333368,0.3933333333333344],[0.38666666666666555,0.6666666666666666],[0,0.7866666666666665],[0,0],[-0.38666666666666555,0.6733333333333332],[-0.6666666666666666,0.39333333333333326],[-0.846666666666664,0],[0,0],[-0.6733333333333272,-0.3866666666666667],[-0.37999999999999545,-0.6666666666666666],[0,-0.793333333333333],[0,0],[0.386666666666675,-0.6666666666666666],[0.6733333333333368,-0.3866666666666667],[0.8400000000000034,0],[0,0]],"o":[[-0.846666666666664,0],[-0.6666666666666666,-0.3866666666666667],[-0.38666666666666555,-0.6666666666666666],[0,0],[0,-0.793333333333333],[0.38666666666666555,-0.6666666666666666],[0.6733333333333368,-0.3866666666666667],[0,0],[0.8400000000000034,0],[0.6733333333333368,0.39333333333333326],[0.386666666666675,0.6733333333333332],[0,0],[0,0.7866666666666665],[-0.37999999999999545,0.6666666666666666],[-0.6733333333333272,0.3933333333333344],[0,0],[0,0]],"v":[[89.22,16.21],[86.94,15.62],[85.36,14.04],[84.78,11.86],[84.78,11.86],[85.36,9.66],[86.94,8.07],[89.22,7.49],[89.22,7.49],[91.49,8.07],[93.07,9.66],[93.65,11.86],[93.65,11.86],[93.07,14.04],[91.49,15.62],[89.22,16.21],[89.22,16.21]]}}},{"ty":"sh","bm":0,"hd":false,"nm":"o","d":1,"ks":{"a":0,"k":{"c":true,"i":[[0,0],[-0.18666666666666742,-0.36666666666666714],[-0.346666666666664,-0.2133333333333335],[-0.4533333333333284,0],[0,0],[-0.346666666666664,0.2133333333333335],[-0.18666666666665796,0.35999999999999943],[0,0.43333333333333357],[0,0],[0.19333333333332803,0.35999999999999943],[0.3399999999999939,0.22000000000000006],[0.4466666666666678,0],[0,0],[0.3400000000000034,-0.21333333333333235],[0.19333333333332803,-0.36666666666666714],[0,-0.4400000000000001],[0,0]],"o":[[0,0.43333333333333357],[0.18666666666666742,0.35999999999999943],[0.3466666666666735,0.2133333333333335],[0,0],[0.4466666666666678,0],[0.3466666666666735,-0.2133333333333335],[0.18666666666666742,-0.36666666666666714],[0,0],[0,-0.4400000000000001],[-0.1933333333333375,-0.36666666666666714],[-0.3400000000000034,-0.21333333333333235],[0,0],[-0.4533333333333284,0],[-0.3400000000000034,0.22000000000000006],[-0.1933333333333375,0.35999999999999943],[0,0],[0,0]],"v":[[86.94,11.86],[87.22,13.06],[88.02,13.92],[89.22,14.24],[89.22,14.24],[90.41,13.92],[91.21,13.06],[91.49,11.86],[91.49,11.86],[91.2,10.66],[90.4,9.78],[89.22,9.46],[89.22,9.46],[88.03,9.78],[87.23,10.66],[86.94,11.86],[86.94,11.86]]}}},{"ty":"fl","bm":0,"hd":false,"nm":"Fill","c":{"a":0,"k":[0.5294,0.2745,1]},"r":1,"o":{"a":0,"k":100}},{"ty":"tr","a":{"a":0,"k":[0,0]},"s":{"a":0,"k":[100,100]},"sk":{"a":0,"k":0},"p":{"a":0,"k":[0,0]},"r":{"a":0,"k":0},"sa":{"a":0,"k":0},"o":{"a":0,"k":100}}]},{"ty":"gr","bm":0,"hd":false,"nm":"y","it":[{"ty":"sh","bm":0,"hd":false,"nm":"y","d":1,"ks":{"a":0,"k":{"c":true,"i":[[0,0],[0.3599999999999947,0.10666666666666676],[0,0],[0,0],[-0.3533333333333246,0],[0,0],[-0.27333333333333104,0.22666666666666657],[-0.12666666666666515,0.379999999999999],[0,0],[0,0],[0,0],[0,0],[0,0],[-0.08000000000000303,-0.4800000000000004],[0,0],[-0.15333333333333599,0.4066666666666663],[0,0],[0,0],[0,0],[0,0],[0.5866666666666731,-0.48666666666666697],[0.9133333333333363,0],[0,0]],"o":[[-0.6000000000000038,0],[0,0],[0,0],[0.2933333333333413,0.07333333333333296],[0,0],[0.3933333333333356,0],[0.27333333333334053,-0.23333333333333428],[0,0],[0,0],[0,0],[0,0],[0,0],[0.15333333333333599,0.4066666666666663],[0,0],[0.08666666666666363,-0.4800000000000004],[0,0],[0,0],[0,0],[0,0],[-0.37999999999999545,0.9066666666666663],[-0.5799999999999935,0.47999999999999926],[0,0],[0,0]],"v":[[77.86,19.34],[76.42,19.18],[76.42,19.18],[76.74,17.12],[77.71,17.23],[77.71,17.23],[78.71,16.89],[79.31,15.97],[79.31,15.97],[79.42,15.62],[76.13,7.68],[78.74,7.68],[80.35,12.43],[80.7,13.76],[80.7,13.76],[81.06,12.43],[81.06,12.43],[82.67,7.68],[85.23,7.68],[81.55,16.53],[80.1,18.62],[77.86,19.34],[77.86,19.34]]}}},{"ty":"fl","bm":0,"hd":false,"nm":"Fill","c":{"a":0,"k":[0.5294,0.2745,1]},"r":1,"o":{"a":0,"k":100}},{"ty":"tr","a":{"a":0,"k":[0,0]},"s":{"a":0,"k":[100,100]},"sk":{"a":0,"k":0},"p":{"a":0,"k":[0,0]},"r":{"a":0,"k":0},"sa":{"a":0,"k":0},"o":{"a":0,"k":100}}]},{"ty":"gr","bm":0,"hd":false,"nm":"s","it":[{"ty":"sh","bm":0,"hd":false,"nm":"s","d":1,"ks":{"a":0,"k":{"c":true,"i":[[0,0],[0.9066666666666663,0.9733333333333339],[0,0],[0,0],[-0.6933333333333375,0],[0,0],[-0.1999999999999981,0.15999999999999895],[0,0.2600000000000004],[0,0],[0.1999999999999981,0.13333333333333405],[0.6199999999999951,0.14666666666666708],[0,0],[0.3466666666666735,0.426666666666667],[0,0.6266666666666675],[0,0],[-0.5533333333333322,0.4800000000000004],[-0.960000000000008,0],[0,0],[-0.47333333333333866,-0.2133333333333335],[-0.4133333333333269,-0.5333333333333338],[0,0],[0,0],[0.6066666666666644,0],[0,0],[0.19333333333332803,-0.11999999999999982],[0,-0.24666666666666615],[0,0],[-0.14666666666666592,-0.11999999999999982],[-0.45999999999999847,-0.11333333333333329],[0,0],[-0.4200000000000064,-0.4400000000000001],[0,-0.6733333333333332],[0,0],[0.28666666666667123,-0.413333333333334],[0.4933333333333299,-0.23999999999999963],[0.6133333333333345,0],[0,0]],"o":[[-1.3933333333333355,0],[0,0],[0,0],[0.6133333333333345,0.6866666666666662],[0,0],[0.3599999999999947,0],[0.2066666666666682,-0.16000000000000014],[0,0],[0,-0.2333333333333331],[-0.1933333333333375,-0.13333333333333286],[0,0],[-1.0133333333333308,-0.24666666666666615],[-0.346666666666664,-0.42666666666666586],[0,0],[0,-0.7466666666666661],[0.5533333333333322,-0.47333333333333333],[0,0],[0.693333333333328,0],[0.47999999999999926,0.21333333333333293],[0,0],[0,0],[-0.37333333333333485,-0.5933333333333325],[0,0],[-0.30666666666667197,0],[-0.1933333333333375,0.11999999999999982],[0,0],[0,0.17333333333333437],[0.14000000000000531,0.12666666666666634],[0,0],[1.139999999999996,0.29999999999999954],[0.426666666666667,0.43333333333333357],[0,0],[0,0.5],[-0.28000000000000114,0.4066666666666663],[-0.4866666666666693,0.23333333333333428],[0,0],[0,0]],"v":[[70.3,16.21],[66.85,14.75],[66.85,14.75],[68.3,13.42],[70.26,14.45],[70.26,14.45],[71.1,14.21],[71.41,13.58],[71.41,13.58],[71.11,13.03],[69.89,12.61],[69.89,12.61],[67.85,11.6],[67.33,10.02],[67.33,10.02],[68.16,8.18],[70.43,7.47],[70.43,7.47],[72.18,7.79],[73.52,8.91],[73.52,8.91],[71.95,10.11],[70.48,9.22],[70.48,9.22],[69.73,9.4],[69.44,9.95],[69.44,9.95],[69.66,10.39],[70.56,10.75],[70.56,10.75],[72.9,11.86],[73.54,13.52],[73.54,13.52],[73.11,14.89],[71.95,15.86],[70.3,16.21],[70.3,16.21]]}}},{"ty":"fl","bm":0,"hd":false,"nm":"Fill","c":{"a":0,"k":[0.5294,0.2745,1]},"r":1,"o":{"a":0,"k":100}},{"ty":"tr","a":{"a":0,"k":[0,0]},"s":{"a":0,"k":[100,100]},"sk":{"a":0,"k":0},"p":{"a":0,"k":[0,0]},"r":{"a":0,"k":0},"sa":{"a":0,"k":0},"o":{"a":0,"k":100}}]},{"ty":"gr","bm":0,"hd":false,"nm":"a","it":[{"ty":"sh","bm":0,"hd":false,"nm":"a","d":1,"ks":{"a":0,"k":{"c":true,"i":[[0,0],[0.6266666666666699,0.3933333333333344],[0.3666666666666695,0.6599999999999989],[0,0.7933333333333342],[0,0],[-0.36666666666666475,0.6666666666666666],[-0.6333333333333305,0.39333333333333326],[-0.7466666666666649,0],[0,0],[-0.419999999999997,-0.2599999999999998],[-0.23333333333333428,-0.4800000000000004],[0,0],[0,0],[0,0],[0,0],[0,0],[0,0],[0.4200000000000017,-0.27333333333333343],[0.7066666666666682,0],[0,0]],"o":[[-0.7466666666666649,0],[-0.6333333333333305,-0.3866666666666667],[-0.36666666666666475,-0.6600000000000001],[0,0],[0,-0.7866666666666665],[0.3666666666666695,-0.6666666666666666],[0.6266666666666699,-0.39999999999999974],[0,0],[0.6866666666666674,0],[0.4200000000000017,0.25333333333333324],[0,0],[0,0],[0,0],[0,0],[0,0],[0,0],[-0.24666666666666495,0.5],[-0.419999999999997,0.27333333333333343],[0,0],[0,0]],"v":[[61.39,16.21],[59.33,15.62],[57.83,14.05],[57.28,11.87],[57.28,11.87],[57.83,9.69],[59.33,8.1],[61.39,7.5],[61.39,7.5],[63.05,7.89],[64.03,8.99],[64.03,8.99],[64.03,7.68],[66.18,7.68],[66.18,16],[64.08,16],[64.08,14.64],[63.08,15.8],[61.39,16.21],[61.39,16.21]]}}},{"ty":"sh","bm":0,"hd":false,"nm":"a","d":1,"ks":{"a":0,"k":{"c":true,"i":[[0,0],[-0.20000000000000284,-0.36666666666666714],[-0.346666666666664,-0.22000000000000006],[-0.4466666666666678,0],[0,0],[-0.35999999999999943,0.2133333333333335],[-0.19333333333333277,0.366666666666666],[0,0.4400000000000001],[0,0],[0.19333333333333277,0.3733333333333337],[0.3533333333333341,0.22000000000000006],[0.45999999999999847,0],[0,0],[0.3533333333333341,-0.21333333333333235],[0.1933333333333375,-0.36666666666666714],[0,-0.4400000000000001],[0,0]],"o":[[0,0.426666666666667],[0.19333333333333277,0.366666666666666],[0.34666666666666873,0.22000000000000006],[0,0],[0.45999999999999847,0],[0.3533333333333341,-0.2133333333333335],[0.19333333333333277,-0.3600000000000006],[0,0],[0,-0.4333333333333324],[-0.19333333333333277,-0.36666666666666714],[-0.35999999999999943,-0.21333333333333235],[0,0],[-0.4466666666666678,0],[-0.346666666666664,0.22000000000000006],[-0.19333333333333277,0.35999999999999943],[0,0],[0,0]],"v":[[59.44,11.86],[59.74,13.05],[60.55,13.93],[61.74,14.26],[61.74,14.26],[62.97,13.94],[63.79,13.07],[64.08,11.87],[64.08,11.87],[63.79,10.66],[62.97,9.78],[61.74,9.46],[61.74,9.46],[60.54,9.78],[59.73,10.66],[59.44,11.86],[59.44,11.86]]}}},{"ty":"fl","bm":0,"hd":false,"nm":"Fill","c":{"a":0,"k":[0.5294,0.2745,1]},"r":1,"o":{"a":0,"k":100}},{"ty":"tr","a":{"a":0,"k":[0,0]},"s":{"a":0,"k":[100,100]},"sk":{"a":0,"k":0},"p":{"a":0,"k":[0,0]},"r":{"a":0,"k":0},"sa":{"a":0,"k":0},"o":{"a":0,"k":100}}]},{"ty":"gr","bm":0,"hd":false,"nm":"t","it":[{"ty":"sh","bm":0,"hd":false,"nm":"t","d":1,"ks":{"a":0,"k":{"c":true,"i":[[0,0],[0.426666666666667,0.41333333333333283],[0,0.8866666666666667],[0,0],[0,0],[0,0],[0,0],[0,0],[0,0],[0,0],[0,0],[0,0],[0,0],[0,0],[0,0],[-0.4466666666666678,0],[0,0],[0,0],[0,0],[0,0]],"o":[[-0.8400000000000034,0],[-0.426666666666667,-0.42000000000000054],[0,0],[0,0],[0,0],[0,0],[0,0],[0,0],[0,0],[0,0],[0,0],[0,0],[0,0],[0,0],[0,0.5133333333333331],[0,0],[0,0],[0,0],[0,0],[0,0]],"v":[[53.02,16],[51.12,15.38],[50.48,13.42],[50.48,13.42],[50.48,9.52],[49.31,9.52],[49.31,7.68],[50.48,7.68],[50.48,6],[52.64,5.78],[52.64,7.68],[54.4,7.68],[54.4,9.52],[52.64,9.52],[52.64,13.31],[53.31,14.08],[53.31,14.08],[54.21,14.08],[54.21,16],[53.02,16]]}}},{"ty":"fl","bm":0,"hd":false,"nm":"Fill","c":{"a":0,"k":[0.5294,0.2745,1]},"r":1,"o":{"a":0,"k":100}},{"ty":"tr","a":{"a":0,"k":[0,0]},"s":{"a":0,"k":[100,100]},"sk":{"a":0,"k":0},"p":{"a":0,"k":[0,0]},"r":{"a":0,"k":0},"sa":{"a":0,"k":0},"o":{"a":0,"k":100}}]},{"ty":"gr","bm":0,"hd":false,"nm":"s","it":[{"ty":"sh","bm":0,"hd":false,"nm":"s","d":1,"ks":{"a":0,"k":{"c":true,"i":[[0,0],[0.9066666666666711,0.9733333333333339],[0,0],[0,0],[-0.6933333333333328,0],[0,0],[-0.2066666666666682,0.15999999999999895],[0,0.2600000000000004],[0,0],[0.1999999999999981,0.13333333333333405],[0.6199999999999998,0.14666666666666708],[0,0],[0.34666666666666873,0.426666666666667],[0,0.6266666666666675],[0,0],[-0.5533333333333322,0.4800000000000004],[-0.9600000000000032,0],[0,0],[-0.47999999999999926,-0.2133333333333335],[-0.4133333333333316,-0.5333333333333338],[0,0],[0,0],[0.6066666666666691,0],[0,0],[0.19333333333333277,-0.11999999999999982],[0,-0.24666666666666615],[0,0],[-0.14666666666666592,-0.11999999999999982],[-0.45999999999999847,-0.11333333333333329],[0,0],[-0.426666666666667,-0.4400000000000001],[0,-0.6733333333333332],[0,0],[0.28666666666666646,-0.413333333333334],[0.4933333333333347,-0.23999999999999963],[0.6066666666666691,0],[0,0]],"o":[[-1.3999999999999961,0],[0,0],[0,0],[0.6066666666666691,0.6866666666666662],[0,0],[0.35999999999999943,0],[0.1999999999999981,-0.16000000000000014],[0,0],[0,-0.2333333333333331],[-0.19333333333333277,-0.13333333333333286],[0,0],[-1.0133333333333354,-0.24666666666666615],[-0.346666666666664,-0.42666666666666586],[0,0],[0,-0.7466666666666661],[0.5533333333333322,-0.47333333333333333],[0,0],[0.6933333333333328,0],[0.4733333333333339,0.21333333333333293],[0,0],[0,0],[-0.37333333333333013,-0.5933333333333325],[0,0],[-0.30666666666666725,0],[-0.19333333333333277,0.11999999999999982],[0,0],[0,0.17333333333333437],[0.14000000000000057,0.12666666666666634],[0,0],[1.1400000000000006,0.29999999999999954],[0.4200000000000017,0.43333333333333357],[0,0],[0,0.5],[-0.28000000000000114,0.4066666666666663],[-0.4866666666666646,0.23333333333333428],[0,0],[0,0]],"v":[[45.94,16.21],[42.48,14.75],[42.48,14.75],[43.94,13.42],[45.89,14.45],[45.89,14.45],[46.74,14.21],[47.04,13.58],[47.04,13.58],[46.74,13.03],[45.52,12.61],[45.52,12.61],[43.48,11.6],[42.96,10.02],[42.96,10.02],[43.79,8.18],[46.06,7.47],[46.06,7.47],[47.82,7.79],[49.15,8.91],[49.15,8.91],[47.58,10.11],[46.11,9.22],[46.11,9.22],[45.36,9.4],[45.07,9.95],[45.07,9.95],[45.29,10.39],[46.19,10.75],[46.19,10.75],[48.54,11.86],[49.17,13.52],[49.17,13.52],[48.74,14.89],[47.58,15.86],[45.94,16.21],[45.94,16.21]]}}},{"ty":"fl","bm":0,"hd":false,"nm":"Fill","c":{"a":0,"k":[0.5294,0.2745,1]},"r":1,"o":{"a":0,"k":100}},{"ty":"tr","a":{"a":0,"k":[0,0]},"s":{"a":0,"k":[100,100]},"sk":{"a":0,"k":0},"p":{"a":0,"k":[0,0]},"r":{"a":0,"k":0},"sa":{"a":0,"k":0},"o":{"a":0,"k":100}}]},{"ty":"gr","bm":0,"hd":false,"nm":"u","it":[{"ty":"sh","bm":0,"hd":false,"nm":"u","d":1,"ks":{"a":0,"k":{"c":true,"i":[[0,0],[0.47999999999999926,0.28000000000000114],[0.28000000000000114,0.5133333333333331],[0,0.6799999999999997],[0,0],[0,0],[0,0],[0,0],[-1.1066666666666691,0],[0,0],[-0.326666666666668,0.34666666666666757],[0,0.6799999999999997],[0,0],[0,0],[0,0],[0,0],[0,0],[0,0],[0.39333333333333087,-0.2333333333333331],[0.6400000000000006,0],[0,0]],"o":[[-0.5933333333333337,0],[-0.47999999999999926,-0.28666666666666646],[-0.27333333333333104,-0.5200000000000008],[0,0],[0,0],[0,0],[0,0],[0,1.3733333333333337],[0,0],[0.4933333333333299,0],[0.3333333333333333,-0.3466666666666664],[0,0],[0,0],[0,0],[0,0],[0,0],[0,0],[-0.20000000000000284,0.49333333333333346],[-0.40000000000000097,0.23333333333333428],[0,0],[0,0]],"v":[[37.26,16.19],[35.65,15.77],[34.51,14.57],[34.1,12.77],[34.1,12.77],[34.1,7.68],[36.26,7.68],[36.26,12.24],[37.92,14.3],[37.92,14.3],[39.15,13.78],[39.65,12.24],[39.65,12.24],[39.65,7.68],[41.81,7.68],[41.81,16],[39.71,16],[39.71,14.75],[38.82,15.84],[37.26,16.19],[37.26,16.19]]}}},{"ty":"fl","bm":0,"hd":false,"nm":"Fill","c":{"a":0,"k":[0.5294,0.2745,1]},"r":1,"o":{"a":0,"k":100}},{"ty":"tr","a":{"a":0,"k":[0,0]},"s":{"a":0,"k":[100,100]},"sk":{"a":0,"k":0},"p":{"a":0,"k":[0,0]},"r":{"a":0,"k":0},"sa":{"a":0,"k":0},"o":{"a":0,"k":100}}]},{"ty":"gr","bm":0,"hd":false,"nm":"j","it":[{"ty":"sh","bm":0,"hd":false,"nm":"j","d":1,"ks":{"a":0,"k":{"c":true,"i":[[0,0],[0,0],[0,0],[0,0.5133333333333331],[0,0],[0,0],[0,0],[0,0],[0.426666666666667,-0.4199999999999993],[0.8466666666666663,0],[0,0],[0,0]],"o":[[0,0],[0,0],[0.45333333333333314,0],[0,0],[0,0],[0,0],[0,0],[0,0.8866666666666655],[-0.4266666666666647,0.413333333333334],[0,0],[0,0],[0,0]],"v":[[29.65,19.2],[29.65,17.28],[30.06,17.28],[30.74,16.51],[30.74,16.51],[30.74,7.68],[32.9,7.68],[32.9,16.62],[32.26,18.58],[30.35,19.2],[30.35,19.2],[29.65,19.2]]}}},{"ty":"sh","bm":0,"hd":false,"nm":"j","d":1,"ks":{"a":0,"k":{"c":true,"i":[[0,0],[-0.24666666666666495,0.23999999999999963],[-0.35999999999999943,0],[0,0],[-0.24666666666666495,-0.24666666666666673],[0,-0.3533333333333335],[0,0],[0.24666666666666495,-0.2400000000000002],[0.37333333333333485,0],[0,0],[0.253333333333335,0.24666666666666673],[0,0.3533333333333335],[0,0]],"o":[[0,-0.3533333333333335],[0.253333333333335,-0.24666666666666673],[0,0],[0.37333333333333485,0],[0.24666666666666495,0.23999999999999963],[0,0],[0,0.36666666666666653],[-0.24666666666666495,0.24666666666666673],[0,0],[-0.35999999999999943,0],[-0.24666666666666495,-0.25333333333333324],[0,0],[0,0]],"v":[[30.53,5.71],[30.9,4.82],[31.82,4.45],[31.82,4.45],[32.75,4.82],[33.12,5.71],[33.12,5.71],[32.75,6.62],[31.82,6.99],[31.82,6.99],[30.9,6.62],[30.53,5.71],[30.53,5.71]]}}},{"ty":"fl","bm":0,"hd":false,"nm":"Fill","c":{"a":0,"k":[0.5294,0.2745,1]},"r":1,"o":{"a":0,"k":100}},{"ty":"tr","a":{"a":0,"k":[0,0]},"s":{"a":0,"k":[100,100]},"sk":{"a":0,"k":0},"p":{"a":0,"k":[0,0]},"r":{"a":0,"k":0},"sa":{"a":0,"k":0},"o":{"a":0,"k":100}}]},{"ty":"gr","bm":0,"hd":false,"nm":"d","it":[{"ty":"sh","bm":0,"hd":false,"nm":"d","d":1,"ks":{"a":0,"k":{"c":true,"i":[[0,0],[0.6266666666666675,0.3933333333333344],[0.36666666666666714,0.6599999999999989],[0,0.7933333333333342],[0,0],[-0.36666666666666714,0.6666666666666666],[-0.6333333333333329,0.39333333333333326],[-0.7466666666666674,0],[0,0],[-0.413333333333334,-0.25333333333333324],[-0.23999999999999963,-0.4666666666666674],[0,0],[0,0],[0,0],[0,0],[0,0],[0,0],[0.4199999999999993,-0.27333333333333343],[0.7066666666666658,0],[0,0]],"o":[[-0.7466666666666674,0],[-0.6333333333333329,-0.3866666666666667],[-0.36666666666666714,-0.6600000000000001],[0,0],[0,-0.7866666666666665],[0.36666666666666714,-0.6666666666666666],[0.6266666666666675,-0.39999999999999974],[0,0],[0.6866666666666651,0],[0.413333333333334,0.25333333333333324],[0,0],[0,0],[0,0],[0,0],[0,0],[0,0],[-0.24666666666666734,0.5],[-0.4199999999999993,0.27333333333333343],[0,0],[0,0]],"v":[[24.67,16.21],[22.61,15.62],[21.11,14.05],[20.56,11.87],[20.56,11.87],[21.11,9.69],[22.61,8.1],[24.67,7.5],[24.67,7.5],[26.32,7.88],[27.3,8.96],[27.3,8.96],[27.3,4.32],[29.46,4.32],[29.46,16],[27.36,16],[27.36,14.64],[26.36,15.8],[24.67,16.21],[24.67,16.21]]}}},{"ty":"sh","bm":0,"hd":false,"nm":"d","d":1,"ks":{"a":0,"k":{"c":true,"i":[[0,0],[-0.20000000000000048,-0.36666666666666714],[-0.3466666666666664,-0.22000000000000006],[-0.44666666666666544,0],[0,0],[-0.35999999999999943,0.2133333333333335],[-0.19333333333333277,0.366666666666666],[0,0.4400000000000001],[0,0],[0.19333333333333277,0.3733333333333337],[0.3533333333333341,0.22000000000000006],[0.46000000000000085,0],[0,0],[0.3533333333333341,-0.21333333333333235],[0.19333333333333277,-0.36666666666666714],[0,-0.4400000000000001],[0,0]],"o":[[0,0.426666666666667],[0.19333333333333277,0.366666666666666],[0.34666666666666873,0.22000000000000006],[0,0],[0.46000000000000085,0],[0.3533333333333341,-0.2133333333333335],[0.19333333333333277,-0.3600000000000006],[0,0],[0,-0.4333333333333324],[-0.19333333333333277,-0.36666666666666714],[-0.35999999999999943,-0.21333333333333235],[0,0],[-0.44666666666666544,0],[-0.3466666666666664,0.22000000000000006],[-0.19333333333333513,0.35999999999999943],[0,0],[0,0]],"v":[[22.72,11.86],[23.02,13.05],[23.83,13.93],[25.02,14.26],[25.02,14.26],[26.25,13.94],[27.07,13.07],[27.36,11.87],[27.36,11.87],[27.07,10.66],[26.25,9.78],[25.02,9.46],[25.02,9.46],[23.82,9.78],[23.01,10.66],[22.72,11.86],[22.72,11.86]]}}},{"ty":"fl","bm":0,"hd":false,"nm":"Fill","c":{"a":0,"k":[0.5294,0.2745,1]},"r":1,"o":{"a":0,"k":100}},{"ty":"tr","a":{"a":0,"k":[0,0]},"s":{"a":0,"k":[100,100]},"sk":{"a":0,"k":0},"p":{"a":0,"k":[0,0]},"r":{"a":0,"k":0},"sa":{"a":0,"k":0},"o":{"a":0,"k":100}}]},{"ty":"gr","bm":0,"hd":false,"nm":"a","it":[{"ty":"sh","bm":0,"hd":false,"nm":"a","d":1,"ks":{"a":0,"k":{"c":true,"i":[[0,0],[0.6333333333333329,0.3933333333333344],[0.36666666666666714,0.6599999999999989],[0,0.7933333333333342],[0,0],[-0.3733333333333337,0.6666666666666666],[-0.6266666666666664,0.39333333333333326],[-0.7466666666666674,0],[0,0],[-0.4199999999999993,-0.2599999999999998],[-0.23999999999999963,-0.4800000000000004],[0,0],[0,0],[0,0],[0,0],[0,0],[0,0],[0.426666666666667,-0.27333333333333343],[0.6999999999999993,0],[0,0]],"o":[[-0.7466666666666674,0],[-0.6266666666666664,-0.3866666666666667],[-0.3733333333333337,-0.6600000000000001],[0,0],[0,-0.7866666666666665],[0.36666666666666714,-0.6666666666666666],[0.6333333333333329,-0.39999999999999974],[0,0],[0.6799999999999997,0],[0.4200000000000017,0.25333333333333324],[0,0],[0,0],[0,0],[0,0],[0,0],[0,0],[-0.23999999999999963,0.5],[-0.42000000000000054,0.27333333333333343],[0,0],[0,0]],"v":[[14.82,16.21],[12.75,15.62],[11.26,14.05],[10.7,11.87],[10.7,11.87],[11.26,9.69],[12.75,8.1],[14.82,7.5],[14.82,7.5],[16.47,7.89],[17.46,8.99],[17.46,8.99],[17.46,7.68],[19.6,7.68],[19.6,16],[17.5,16],[17.5,14.64],[16.5,15.8],[14.82,16.21],[14.82,16.21]]}}},{"ty":"sh","bm":0,"hd":false,"nm":"a","d":1,"ks":{"a":0,"k":{"c":true,"i":[[0,0],[-0.20000000000000048,-0.36666666666666714],[-0.3466666666666664,-0.22000000000000006],[-0.4466666666666666,0],[0,0],[-0.3533333333333341,0.2133333333333335],[-0.19333333333333277,0.366666666666666],[0,0.4400000000000001],[0,0],[0.18666666666666742,0.3733333333333337],[0.35999999999999943,0.22000000000000006],[0.4599999999999997,0],[0,0],[0.3533333333333329,-0.21333333333333235],[0.19333333333333277,-0.36666666666666714],[0,-0.4400000000000001],[0,0]],"o":[[0,0.426666666666667],[0.20000000000000048,0.366666666666666],[0.3466666666666664,0.22000000000000006],[0,0],[0.4599999999999997,0],[0.35999999999999943,-0.2133333333333335],[0.18666666666666742,-0.3600000000000006],[0,0],[0,-0.4333333333333324],[-0.19333333333333277,-0.36666666666666714],[-0.3533333333333341,-0.21333333333333235],[0,0],[-0.4466666666666666,0],[-0.3533333333333341,0.22000000000000006],[-0.19333333333333394,0.35999999999999943],[0,0],[0,0]],"v":[[12.86,11.86],[13.16,13.05],[13.98,13.93],[15.17,14.26],[15.17,14.26],[16.39,13.94],[17.22,13.07],[17.5,11.87],[17.5,11.87],[17.22,10.66],[16.39,9.78],[15.17,9.46],[15.17,9.46],[13.97,9.78],[13.15,10.66],[12.86,11.86],[12.86,11.86]]}}},{"ty":"fl","bm":0,"hd":false,"nm":"Fill","c":{"a":0,"k":[0.5294,0.2745,1]},"r":1,"o":{"a":0,"k":100}},{"ty":"tr","a":{"a":0,"k":[0,0]},"s":{"a":0,"k":[100,100]},"sk":{"a":0,"k":0},"p":{"a":0,"k":[0,0]},"r":{"a":0,"k":0},"sa":{"a":0,"k":0},"o":{"a":0,"k":100}}]},{"ty":"gr","bm":0,"hd":false,"nm":".","it":[{"ty":"sh","bm":0,"hd":false,"nm":".","d":1,"ks":{"a":0,"k":{"c":true,"i":[[0,0],[0.27999999999999997,0.28000000000000114],[0,0.3866666666666667],[0,0],[-0.27333333333333343,0.2666666666666669],[-0.4066666666666663,0],[0,0],[-0.2666666666666669,-0.27333333333333343],[0,-0.3866666666666667],[0,0],[0.27333333333333343,-0.27333333333333343],[0.4066666666666663,0],[0,0]],"o":[[-0.4066666666666663,0],[-0.27333333333333343,-0.27333333333333226],[0,0],[0,-0.3866666666666667],[0.27999999999999997,-0.27333333333333343],[0,0],[0.4066666666666663,0],[0.27333333333333343,0.2666666666666669],[0,0],[0,0.39333333333333326],[-0.2666666666666669,0.27333333333333343],[0,0],[0,0]],"v":[[8.93,16.21],[7.9,15.79],[7.49,14.8],[7.49,14.8],[7.9,13.82],[8.93,13.41],[8.93,13.41],[9.94,13.82],[10.35,14.8],[10.35,14.8],[9.94,15.8],[8.93,16.21],[8.93,16.21]]}}},{"ty":"fl","bm":0,"hd":false,"nm":"Fill","c":{"a":0,"k":[0.5294,0.2745,1]},"r":1,"o":{"a":0,"k":100}},{"ty":"tr","a":{"a":0,"k":[0,0]},"s":{"a":0,"k":[100,100]},"sk":{"a":0,"k":0},"p":{"a":0,"k":[0,0]},"r":{"a":0,"k":0},"sa":{"a":0,"k":0},"o":{"a":0,"k":100}}]},{"ty":"gr","bm":0,"hd":false,"nm":".","it":[{"ty":"sh","bm":0,"hd":false,"nm":".","d":1,"ks":{"a":0,"k":{"c":true,"i":[[0,0],[0.27333333333333343,0.28000000000000114],[0,0.3866666666666667],[0,0],[-0.27999999999999997,0.2666666666666669],[-0.4066666666666669,0],[0,0],[-0.27333333333333343,-0.27333333333333343],[0,-0.3866666666666667],[0,0],[0.2666666666666669,-0.27333333333333343],[0.4066666666666663,0],[0,0]],"o":[[-0.4066666666666669,0],[-0.27999999999999997,-0.27333333333333226],[0,0],[0,-0.3866666666666667],[0.27333333333333343,-0.27333333333333343],[0,0],[0.4066666666666663,0],[0.2666666666666669,0.2666666666666669],[0,0],[0,0.39333333333333326],[-0.27333333333333343,0.27333333333333343],[0,0],[0,0]],"v":[[5.36,16.21],[4.34,15.79],[3.92,14.8],[3.92,14.8],[4.34,13.82],[5.36,13.41],[5.36,13.41],[6.38,13.82],[6.78,14.8],[6.78,14.8],[6.38,15.8],[5.36,16.21],[5.36,16.21]]}}},{"ty":"fl","bm":0,"hd":false,"nm":"Fill","c":{"a":0,"k":[0.5294,0.2745,1]},"r":1,"o":{"a":0,"k":100}},{"ty":"tr","a":{"a":0,"k":[0,0]},"s":{"a":0,"k":[100,100]},"sk":{"a":0,"k":0},"p":{"a":0,"k":[0,0]},"r":{"a":0,"k":0},"sa":{"a":0,"k":0},"o":{"a":0,"k":100}}]},{"ty":"gr","bm":0,"hd":false,"nm":".","it":[{"ty":"sh","bm":0,"hd":false,"nm":".","d":1,"ks":{"a":0,"k":{"c":true,"i":[[0,0],[0.27333333333333326,0.28000000000000114],[0,0.3866666666666667],[0,0],[-0.28,0.2666666666666669],[-0.40666666666666673,0],[0,0],[-0.27333333333333343,-0.27333333333333343],[0,-0.3866666666666667],[0,0],[0.27333333333333343,-0.27333333333333343],[0.40666666666666657,0],[0,0]],"o":[[-0.40666666666666673,0],[-0.28,-0.27333333333333226],[0,0],[0,-0.3866666666666667],[0.27333333333333326,-0.27333333333333343],[0,0],[0.40666666666666657,0],[0.27333333333333343,0.2666666666666669],[0,0],[0,0.39333333333333326],[-0.27333333333333343,0.27333333333333343],[0,0],[0,0]],"v":[[1.79,16.21],[0.77,15.79],[0.35,14.8],[0.35,14.8],[0.77,13.82],[1.79,13.41],[1.79,13.41],[2.81,13.82],[3.22,14.8],[3.22,14.8],[2.81,15.8],[1.79,16.21],[1.79,16.21]]}}},{"ty":"fl","bm":0,"hd":false,"nm":"Fill","c":{"a":0,"k":[0.5294,0.2745,1]},"r":1,"o":{"a":0,"k":100}},{"ty":"tr","a":{"a":0,"k":[0,0]},"s":{"a":0,"k":[100,100]},"sk":{"a":0,"k":0},"p":{"a":0,"k":[0,0]},"r":{"a":0,"k":0},"sa":{"a":0,"k":0},"o":{"a":0,"k":100}}]}],"ind":1}]}]}